Name,SYMBOL,NAME OF COMPANY, SERIES
20MICRONS.NS,20MICRONS,20 Microns Limited,EQ
21STCENMGM.NS,21STCENMGM,21st Century Management Services Limited,EQ
3IINFOTECH.NS,3IINFOTECH,3i Infotech Limited,EQ
3MINDIA.NS,3MINDIA,3M India Limited,EQ
3PLAND.NS,3PLAND,3P Land Holdings Limited,EQ
5PAISA.NS,5PAISA,5Paisa Capital Limited,EQ
63MOONS.NS,63MOONS,63 moons technologies limited,BE
8KMILES.NS,8KMILES,8K Miles Software Services Limited,BZ
A2ZINFRA.NS,A2ZINFRA,A2Z Infra Engineering Limited,EQ
AARTIDRUGS.NS,AARTIDRUGS,Aarti Drugs Limited,EQ
AARTIIND.NS,AARTIIND,Aarti Industries Limited,EQ
AARVEEDEN.NS,AARVEEDEN,Aarvee Denims & Exports Limited,EQ
AAVAS.NS,AAVAS,Aavas Financiers Limited,EQ
ABAN.NS,ABAN,Aban Offshore Limited,BE
ABB.NS,ABB,ABB India Limited,EQ
ABBOTINDIA.NS,ABBOTINDIA,Abbott India Limited,EQ
ABCAPITAL.NS,ABCAPITAL,Aditya Birla Capital Limited,EQ
ABFRL.NS,ABFRL,Aditya Birla Fashion and Retail Limited,EQ
ABMINTLTD.NS,ABMINTLTD,ABM International Limited,BE
ACC.NS,ACC,ACC Limited,EQ
ACCELYA.NS,ACCELYA,Accelya Solutions India Limited,EQ
ACE.NS,ACE,Action Construction Equipment Limited,EQ
ADANIENT.NS,ADANIENT,Adani Enterprises Limited,EQ
ADANIGAS.NS,ADANIGAS,Adani Gas Limited,EQ
ADANIGREEN.NS,ADANIGREEN,Adani Green Energy Limited,EQ
ADANIPORTS.NS,ADANIPORTS,Adani Ports and Special Economic Zone Limited,EQ
ADANIPOWER.NS,ADANIPOWER,Adani Power Limited,EQ
ADANITRANS.NS,ADANITRANS,Adani Transmission Limited,EQ
ADFFOODS.NS,ADFFOODS,ADF Foods Limited,EQ
ADHUNIKIND.NS,ADHUNIKIND,Adhunik Industries Limited,EQ
ADORWELD.NS,ADORWELD,Ador Welding Limited,EQ
ADROITINFO.NS,ADROITINFO,Adroit Infotech Limited,BE
ADSL.NS,ADSL,Allied Digital Services Limited,EQ
ADVANIHOTR.NS,ADVANIHOTR,Advani Hotels & Resorts (India) Limited,EQ
ADVENZYMES.NS,ADVENZYMES,Advanced Enzyme Technologies Limited,EQ
AEGISCHEM.NS,AEGISCHEM,Aegis Logistics Limited,EQ
AFFLE.NS,AFFLE,Affle (India) Limited,BE
AGARIND.NS,AGARIND,Agarwal Industrial Corporation Limited,EQ
AGCNET.NS,AGCNET,AGC Networks Limited,BE
AGRITECH.NS,AGRITECH,Agri-Tech (India) Limited,BE
AGROPHOS.NS,AGROPHOS,Agro Phos India Limited,EQ
AHLEAST.NS,AHLEAST,Asian Hotels (East) Limited,EQ
AHLUCONT.NS,AHLUCONT,Ahluwalia Contracts (India) Limited,EQ
AHLWEST.NS,AHLWEST,Asian Hotels (West) Limited,BE
AIAENG.NS,AIAENG,AIA Engineering Limited,EQ
AIONJSW.NS,AIONJSW,Monnet Ispat & Energy Limited,BE
AIRAN.NS,AIRAN,Airan Limited,EQ
AJANTPHARM.NS,AJANTPHARM,Ajanta Pharma Limited,EQ
AJMERA.NS,AJMERA,Ajmera Realty & Infra India Limited,EQ
AKASH.NS,AKASH,Akash Infra-Projects Limited,BE
AKSHARCHEM.NS,AKSHARCHEM,AksharChem India Limited,EQ
AKSHOPTFBR.NS,AKSHOPTFBR,Aksh Optifibre Limited,EQ
AKZOINDIA.NS,AKZOINDIA,Akzo Nobel India Limited,EQ
ALANKIT.NS,ALANKIT,Alankit Limited,EQ
ALBERTDAVD.NS,ALBERTDAVD,Albert David Limited,EQ
ALCHEM.NS,ALCHEM,Alchemist Limited,BE
ALEMBICLTD.NS,ALEMBICLTD,Alembic Limited,EQ
ALICON.NS,ALICON,Alicon Castalloy Limited,EQ
ALKALI.NS,ALKALI,Alkali Metals Limited,EQ
ALKEM.NS,ALKEM,Alkem Laboratories Limited,EQ
ALKYLAMINE.NS,ALKYLAMINE,Alkyl Amines Chemicals Limited,EQ
ALLCARGO.NS,ALLCARGO,Allcargo Logistics Limited,EQ
ALLSEC.NS,ALLSEC,Allsec Technologies Limited,EQ
ALMONDZ.NS,ALMONDZ,Almondz Global Securities Limited,EQ
ALOKINDS.NS,ALOKINDS,Alok Industries Limited,EQ
ALPA.NS,ALPA,Alpa Laboratories Limited,EQ
ALPHAGEO.NS,ALPHAGEO,Alphageo (India) Limited,EQ
ALPSINDUS.NS,ALPSINDUS,Alps Industries Limited,BE
AMARAJABAT.NS,AMARAJABAT,Amara Raja Batteries Limited,EQ
AMBER.NS,AMBER,Amber Enterprises India Limited,EQ
AMBIKCO.NS,AMBIKCO,Ambika Cotton Mills Limited,EQ
AMBUJACEM.NS,AMBUJACEM,Ambuja Cements Limited,EQ
AMDIND.NS,AMDIND,AMD Industries Limited,EQ
AMJLAND.NS,AMJLAND,Amj Land Holdings Limited,EQ
AMRUTANJAN.NS,AMRUTANJAN,Amrutanjan Health Care Limited,EQ
ANANTRAJ.NS,ANANTRAJ,Anant Raj Limited,EQ
ANDHRACEMT.NS,ANDHRACEMT,Andhra Cements Limited,BE
ANDHRAPAP.NS,ANDHRAPAP,ANDHRA PAPER LIMITED,EQ
ANDHRSUGAR.NS,ANDHRSUGAR,The Andhra Sugars Limited,EQ
ANIKINDS.NS,ANIKINDS,Anik Industries Limited,BE
ANKITMETAL.NS,ANKITMETAL,Ankit Metal & Power Limited,EQ
ANSALAPI.NS,ANSALAPI,Ansal Properties & Infrastructure Limited,BE
ANSALHSG.NS,ANSALHSG,Ansal Housing Limited,EQ
ANUP.NS,ANUP,The Anup Engineering Limited,EQ
APARINDS.NS,APARINDS,Apar Industries Limited,EQ
APCL.NS,APCL,Anjani Portland Cement Limited,EQ
APCOTEXIND.NS,APCOTEXIND,Apcotex Industries Limited,EQ
APEX.NS,APEX,Apex Frozen Foods Limited,EQ
APLAPOLLO.NS,APLAPOLLO,APL Apollo Tubes Limited,EQ
APLLTD.NS,APLLTD,Alembic Pharmaceuticals Limited,EQ
APOLLO.NS,APOLLO,Apollo Micro Systems Limited,EQ
APOLLOHOSP.NS,APOLLOHOSP,Apollo Hospitals Enterprise Limited,EQ
APOLLOPIPE.NS,APOLLOPIPE,Apollo Pipes Limited,EQ
APOLLOTYRE.NS,APOLLOTYRE,Apollo Tyres Limited,EQ
APOLSINHOT.NS,APOLSINHOT,Apollo Sindoori Hotels Limited,EQ
APTECHT.NS,APTECHT,Aptech Limited,EQ
ARCHIDPLY.NS,ARCHIDPLY,Archidply Industries Limited,EQ
ARCHIES.NS,ARCHIES,Archies Limited,BE
ARCOTECH.NS,ARCOTECH,Arcotech Limited,BE
ARENTERP.NS,ARENTERP,Rajdarshan Industries Limited,EQ
ARIES.NS,ARIES,Aries Agro Limited,EQ
ARIHANT.NS,ARIHANT,Arihant Foundations & Housing Limited,EQ
ARIHANTSUP.NS,ARIHANTSUP,Arihant Superstructures Limited,EQ
ARMANFIN.NS,ARMANFIN,Arman Financial Services Limited,EQ
AROGRANITE.NS,AROGRANITE,Aro Granite Industries Limited,EQ
ARROWGREEN.NS,ARROWGREEN,Arrow Greentech Limited,BE
ARSHIYA.NS,ARSHIYA,Arshiya Limited,BE
ARSSINFRA.NS,ARSSINFRA,ARSS Infrastructure Projects Limited,BE
ARTEMISMED.NS,ARTEMISMED,Artemis Medicare Services Limited,EQ
ARVIND.NS,ARVIND,Arvind Limited,EQ
ARVINDFASN.NS,ARVINDFASN,Arvind Fashions Limited,EQ
ARVSMART.NS,ARVSMART,Arvind SmartSpaces Limited,EQ
ASAHIINDIA.NS,ASAHIINDIA,Asahi India Glass Limited,EQ
ASAHISONG.NS,ASAHISONG,Asahi Songwon Colors Limited,EQ
ASAL.NS,ASAL,Automotive Stampings and Assemblies Limited,EQ
ASALCBR.NS,ASALCBR,Associated Alcohols & Breweries Ltd.,EQ
ASHAPURMIN.NS,ASHAPURMIN,Ashapura Minechem Limited,EQ
ASHIANA.NS,ASHIANA,Ashiana Housing Limited,EQ
ASHIMASYN.NS,ASHIMASYN,Ashima Limited,BE
ASHOKA.NS,ASHOKA,Ashoka Buildcon Limited,EQ
ASHOKLEY.NS,ASHOKLEY,Ashok Leyland Limited,EQ
ASIANHOTNR.NS,ASIANHOTNR,Asian Hotels (North) Limited,EQ
ASIANPAINT.NS,ASIANPAINT,Asian Paints Limited,EQ
ASIANTILES.NS,ASIANTILES,Asian Granito India Limited,EQ
ASPINWALL.NS,ASPINWALL,Aspinwall and Company Limited,EQ
ASTEC.NS,ASTEC,Astec LifeSciences Limited,EQ
ASTERDM.NS,ASTERDM,Aster DM Healthcare Limited,EQ
ASTRAL.NS,ASTRAL,Astral Poly Technik Limited,EQ
ASTRAMICRO.NS,ASTRAMICRO,Astra Microwave Products Limited,EQ
ASTRAZEN.NS,ASTRAZEN,AstraZeneca Pharma India Limited,EQ
ASTRON.NS,ASTRON,Astron Paper & Board Mill Limited,EQ
ATFL.NS,ATFL,Agro Tech Foods Limited,EQ
ATLANTA.NS,ATLANTA,Atlanta  Limited,EQ
ATLASCYCLE.NS,ATLASCYCLE,Atlas Cycles (Haryana) Limited,BE
ATNINTER.NS,ATNINTER,ATN International Limited,BE
ATUL.NS,ATUL,Atul Limited,EQ
ATULAUTO.NS,ATULAUTO,Atul Auto Limited,EQ
AUBANK.NS,AUBANK,AU Small Finance Bank Limited,EQ
AURIONPRO.NS,AURIONPRO,Aurionpro Solutions Limited,EQ
AUROPHARMA.NS,AUROPHARMA,Aurobindo Pharma Limited,EQ
AUSOMENT.NS,AUSOMENT,Ausom Enterprise Limited,EQ
AUTOAXLES.NS,AUTOAXLES,Automotive Axles Limited,EQ
AUTOIND.NS,AUTOIND,Autoline Industries Limited,BE
AUTOLITIND.NS,AUTOLITIND,Autolite (India) Limited,EQ
AVADHSUGAR.NS,AVADHSUGAR,Avadh Sugar & Energy Limited,EQ
AVANTIFEED.NS,AVANTIFEED,Avanti Feeds Limited,EQ
AVTNPL.NS,AVTNPL,AVT Natural Products Limited,EQ
AXISBANK.NS,AXISBANK,Axis Bank Limited,EQ
AXISCADES.NS,AXISCADES,AXISCADES Engineering Technologies Limited,EQ
AYMSYNTEX.NS,AYMSYNTEX,AYM Syntex Limited,EQ
BAFNAPH.NS,BAFNAPH,Bafna Pharmaceuticals Limited,BE
BAGFILMS.NS,BAGFILMS,B.A.G Films and Media Limited,BE
BAJAJ-AUTO.NS,BAJAJ-AUTO,Bajaj Auto Limited,EQ
BAJAJCON.NS,BAJAJCON,Bajaj Consumer Care Limited,EQ
BAJAJELEC.NS,BAJAJELEC,Bajaj Electricals Limited,EQ
BAJAJFINSV.NS,BAJAJFINSV,Bajaj Finserv Limited,EQ
BAJAJHIND.NS,BAJAJHIND,Bajaj Hindusthan Sugar Limited,EQ
BAJAJHLDNG.NS,BAJAJHLDNG,Bajaj Holdings & Investment Limited,EQ
BAJFINANCE.NS,BAJFINANCE,Bajaj Finance Limited,EQ
BALAJITELE.NS,BALAJITELE,Balaji Telefilms Limited,EQ
BALAMINES.NS,BALAMINES,Balaji Amines Limited,EQ
BALAXI.NS,BALAXI,Balaxi Ventures Limited,BE
BALKRISHNA.NS,BALKRISHNA,Balkrishna Paper Mills Limited,EQ
BALKRISIND.NS,BALKRISIND,Balkrishna Industries Limited,EQ
BALLARPUR.NS,BALLARPUR,Ballarpur Industries Limited,EQ
BALMLAWRIE.NS,BALMLAWRIE,Balmer Lawrie & Company Limited,EQ
BALPHARMA.NS,BALPHARMA,Bal Pharma Limited,BE
BALRAMCHIN.NS,BALRAMCHIN,Balrampur Chini Mills Limited,EQ
BANARBEADS.NS,BANARBEADS,Banaras Beads Limited,EQ
BANARISUG.NS,BANARISUG,Bannari Amman Sugars Limited,EQ
BANCOINDIA.NS,BANCOINDIA,Banco Products (I) Limited,EQ
BANDHANBNK.NS,BANDHANBNK,Bandhan Bank Limited,EQ
BANG.NS,BANG,Bang Overseas Limited,EQ
BANKBARODA.NS,BANKBARODA,Bank of Baroda,EQ
BANKINDIA.NS,BANKINDIA,Bank of India,EQ
BANSWRAS.NS,BANSWRAS,Banswara Syntex Limited,EQ
BARTRONICS.NS,BARTRONICS,Bartronics India Limited,BZ
BASF.NS,BASF,BASF India Limited,EQ
BASML.NS,BASML,Bannari Amman Spinning Mills Limited,EQ
BATAINDIA.NS,BATAINDIA,Bata India Limited,EQ
BAYERCROP.NS,BAYERCROP,Bayer Cropscience Limited,EQ
BBL.NS,BBL,Bharat Bijlee Limited,EQ
BBTC.NS,BBTC,Bombay Burmah Trading Corporation Limited,EQ
BCG.NS,BCG,Brightcom Group Limited,EQ
BCP.NS,BCP,B.C. Power Controls Ltd,BE
BDL.NS,BDL,Bharat Dynamics Limited,EQ
BEARDSELL.NS,BEARDSELL,Beardsell Limited,EQ
BEDMUTHA.NS,BEDMUTHA,Bedmutha Industries Limited,EQ
BEL.NS,BEL,Bharat Electronics Limited,EQ
BEML.NS,BEML,BEML Limited,EQ
BEPL.NS,BEPL,Bhansali Engineering Polymers Limited,EQ
BERGEPAINT.NS,BERGEPAINT,Berger Paints (I) Limited,EQ
BFINVEST.NS,BFINVEST,BF Investment Limited,EQ
BFUTILITIE.NS,BFUTILITIE,BF Utilities Limited,EQ
BGRENERGY.NS,BGRENERGY,BGR Energy Systems Limited,EQ
BHAGERIA.NS,BHAGERIA,Bhageria Industries Limited,EQ
BHAGYANGR.NS,BHAGYANGR,Bhagyanagar India Limited,EQ
BHAGYAPROP.NS,BHAGYAPROP,Bhagyanagar Properties Limited,EQ
BHANDARI.NS,BHANDARI,Bhandari Hosiery Exports Limited,EQ
BHARATFORG.NS,BHARATFORG,Bharat Forge Limited,EQ
BHARATGEAR.NS,BHARATGEAR,Bharat Gears Limited,BE
BHARATRAS.NS,BHARATRAS,Bharat Rasayan Limited,EQ
BHARATWIRE.NS,BHARATWIRE,Bharat Wire Ropes Limited,EQ
BHARTIARTL.NS,BHARTIARTL,Bharti Airtel Limited,EQ
BHEL.NS,BHEL,Bharat Heavy Electricals Limited,EQ
BIGBLOC.NS,BIGBLOC,Bigbloc Construction Limited,EQ
BIL.NS,BIL,Bhartiya International Limited,EQ
BILENERGY.NS,BILENERGY,Bil Energy Systems Limited,EQ
BINANIIND.NS,BINANIIND,Binani Industries Limited,BZ
BINDALAGRO.NS,BINDALAGRO,Oswal Chemicals & Fertilizers Limited,EQ
BIOCON.NS,BIOCON,Biocon Limited,EQ
BIOFILCHEM.NS,BIOFILCHEM,Biofil Chemicals & Pharmaceuticals Limited,EQ
BIRLACABLE.NS,BIRLACABLE,Birla Cable Limited,EQ
BIRLACORPN.NS,BIRLACORPN,Birla Corporation Limited,EQ
BIRLAMONEY.NS,BIRLAMONEY,Aditya Birla Money Limited,EQ
BIRLATYRE.NS,BIRLATYRE,Birla Tyres Limited,BE
BKMINDST.NS,BKMINDST,Bkm Industries Limited,BE
BLBLIMITED.NS,BLBLIMITED,BLB Limited,EQ
BLISSGVS.NS,BLISSGVS,Bliss GVS Pharma Limited,EQ
BLKASHYAP.NS,BLKASHYAP,B. L. Kashyap and Sons Limited,BE
BLS.NS,BLS,BLS International Services Limited,EQ
BLUEBLENDS.NS,BLUEBLENDS,Blue Blends (I) Limited,BZ
BLUECHIP.NS,BLUECHIP,Blue Chip India Limited,BE
BLUECOAST.NS,BLUECOAST,Blue Coast Hotels Limited,BE
BLUEDART.NS,BLUEDART,Blue Dart Express Limited,EQ
BLUESTARCO.NS,BLUESTARCO,Blue Star Limited,EQ
BODALCHEM.NS,BODALCHEM,Bodal Chemicals Limited,EQ
BOMDYEING.NS,BOMDYEING,Bombay Dyeing & Mfg Company Limited,EQ
BORORENEW.NS,BORORENEW,BOROSIL RENEWABLES LIMITED,EQ
BOSCHLTD.NS,BOSCHLTD,Bosch Limited,EQ
BPCL.NS,BPCL,Bharat Petroleum Corporation Limited,EQ
BPL.NS,BPL,BPL Limited,BE
BRFL.NS,BRFL,Bombay Rayon Fashions Limited,BE
BRIGADE.NS,BRIGADE,Brigade Enterprises Limited,EQ
BRITANNIA.NS,BRITANNIA,Britannia Industries Limited,EQ
BRNL.NS,BRNL,Bharat Road Network Limited,EQ
BROOKS.NS,BROOKS,Brooks Laboratories Limited,BE
BSE.NS,BSE,BSE Limited,EQ
BSELINFRA.NS,BSELINFRA,BSEL Infrastructure Realty Limited,EQ
BSL.NS,BSL,BSL Limited,EQ
BSOFT.NS,BSOFT,BIRLASOFT LIMITED,EQ
BURNPUR.NS,BURNPUR,Burnpur Cement Limited,EQ
BUTTERFLY.NS,BUTTERFLY,Butterfly Gandhimathi Appliances Limited,EQ
BVCL.NS,BVCL,Barak Valley Cements Limited,BE
BYKE.NS,BYKE,The Byke Hospitality Ltd,EQ
CADILAHC.NS,CADILAHC,Cadila Healthcare Limited,EQ
CALSOFT.NS,CALSOFT,California Software Company Limited,BE
CAMLINFINE.NS,CAMLINFINE,Camlin Fine Sciences Limited,EQ
CANBK.NS,CANBK,Canara Bank,EQ
CANDC.NS,CANDC,C & C Constructions Limited,BZ
CANFINHOME.NS,CANFINHOME,Can Fin Homes Limited,EQ
CANTABIL.NS,CANTABIL,Cantabil Retail India Limited,EQ
CAPACITE.NS,CAPACITE,Capacit'e Infraprojects Limited,EQ
CAPLIPOINT.NS,CAPLIPOINT,Caplin Point Laboratories Limited,EQ
CAPTRUST.NS,CAPTRUST,Capital Trust Limited,EQ
CARBORUNIV.NS,CARBORUNIV,Carborundum Universal Limited,EQ
CAREERP.NS,CAREERP,Career Point Limited,EQ
CARERATING.NS,CARERATING,CARE Ratings Limited,EQ
CASTEXTECH.NS,CASTEXTECH,Castex Technologies Limited,BE
CASTROLIND.NS,CASTROLIND,Castrol India Limited,EQ
CCCL.NS,CCCL,Consolidated Construction Consortium Limited,BE
CCHHL.NS,CCHHL,Country Club Hospitality & Holidays Limited,BE
CCL.NS,CCL,CCL Products (India) Limited,EQ
CDSL.NS,CDSL,Central Depository Services (India) Limited,EQ
CEATLTD.NS,CEATLTD,CEAT Limited,EQ
CEBBCO.NS,CEBBCO,Commercial Engineers & Body Builders Co Limited,EQ
CELEBRITY.NS,CELEBRITY,Celebrity Fashions Limited,EQ
CENTENKA.NS,CENTENKA,Century Enka Limited,EQ
CENTEXT.NS,CENTEXT,Century Extrusions Limited,EQ
CENTRALBK.NS,CENTRALBK,Central Bank of India,EQ
CENTRUM.NS,CENTRUM,Centrum Capital Limited,EQ
CENTUM.NS,CENTUM,Centum Electronics Limited,EQ
CENTURYPLY.NS,CENTURYPLY,Century Plyboards (India) Limited,EQ
CENTURYTEX.NS,CENTURYTEX,Century Textiles & Industries Limited,EQ
CERA.NS,CERA,Cera Sanitaryware Limited,EQ
CEREBRAINT.NS,CEREBRAINT,Cerebra Integrated Technologies Limited,BE
CESC.NS,CESC,CESC Limited,EQ
CESCVENT.NS,CESCVENT,CESC Ventures Limited,EQ
CGCL.NS,CGCL,Capri Global Capital Limited,EQ
CGPOWER.NS,CGPOWER,CG Power and Industrial Solutions Limited,EQ
CHALET.NS,CHALET,Chalet Hotels Limited,EQ
CHAMBLFERT.NS,CHAMBLFERT,Chambal Fertilizers & Chemicals Limited,EQ
CHEMBOND.NS,CHEMBOND,Chembond Chemicals Ltd,EQ
CHEMFAB.NS,CHEMFAB,Chemfab Alkalis Limited,EQ
CHENNPETRO.NS,CHENNPETRO,Chennai Petroleum Corporation Limited,EQ
CHOLAFIN.NS,CHOLAFIN,Cholamandalam Investment and Finance Company Limited,EQ
CHOLAHLDNG.NS,CHOLAHLDNG,Cholamandalam Financial Holdings Limited,EQ
CHROMATIC.NS,CHROMATIC,Chromatic India Limited,EQ
CIGNITITEC.NS,CIGNITITEC,Cigniti Technologies Limited,EQ
CIMMCO.NS,CIMMCO,Cimmco Limited,EQ
CINELINE.NS,CINELINE,Cineline India Limited,EQ
CINEVISTA.NS,CINEVISTA,Cinevista Limited,BE
CIPLA.NS,CIPLA,Cipla Limited,EQ
CKFSL.NS,CKFSL,Cox & Kings Financial Service Limited,BZ
CLEDUCATE.NS,CLEDUCATE,CL Educate Limited,EQ
CLNINDIA.NS,CLNINDIA,Clariant Chemicals (India) Limited,EQ
CMICABLES.NS,CMICABLES,CMI Limited,EQ
CNOVAPETRO.NS,CNOVAPETRO,CIL Nova Petrochemicals Limited,BE
COALINDIA.NS,COALINDIA,Coal India Limited,EQ
COCHINSHIP.NS,COCHINSHIP,Cochin Shipyard Limited,EQ
COFFEEDAY.NS,COFFEEDAY,Coffee Day Enterprises Limited,BZ
COLPAL.NS,COLPAL,Colgate Palmolive (India) Limited,EQ
COMPINFO.NS,COMPINFO,Compuage Infocom Limited,EQ
COMPUSOFT.NS,COMPUSOFT,Compucom Software Limited,BE
CONCOR.NS,CONCOR,Container Corporation of India Limited,EQ
CONFIPET.NS,CONFIPET,Confidence Petroleum India Limited,EQ
CONSOFINVT.NS,CONSOFINVT,Consolidated Finvest & Holdings Limited,EQ
CONTROLPR.NS,CONTROLPR,Control Print Limited,EQ
CORALFINAC.NS,CORALFINAC,Coral India Finance & Housing Limited,EQ
CORDSCABLE.NS,CORDSCABLE,Cords Cable Industries Limited,EQ
COROMANDEL.NS,COROMANDEL,Coromandel International Limited,EQ
COSMOFILMS.NS,COSMOFILMS,Cosmo Films Limited,EQ
COUNCODOS.NS,COUNCODOS,Country Condo's Limited,EQ
COX&KINGS.NS,COX&KINGS,Cox & Kings Limited,BZ
CREATIVE.NS,CREATIVE,Creative Peripherals and Distribution Limited,EQ
CREATIVEYE.NS,CREATIVEYE,Creative Eye Limited,EQ
CREDITACC.NS,CREDITACC,CREDITACCESS GRAMEEN LIMITED,EQ
CREST.NS,CREST,Crest Ventures Limited,EQ
CRISIL.NS,CRISIL,CRISIL Limited,EQ
CROMPTON.NS,CROMPTON,Crompton Greaves Consumer Electricals Limited,EQ
CSBBANK.NS,CSBBANK,CSB Bank Limited,EQ
CTE.NS,CTE,Cambridge Technology Enterprises Limited,EQ
CUB.NS,CUB,City Union Bank Limited,EQ
CUBEXTUB.NS,CUBEXTUB,Cubex Tubings Limited,BE
CUMMINSIND.NS,CUMMINSIND,Cummins India Limited,EQ
CUPID.NS,CUPID,Cupid Limited,EQ
CYBERTECH.NS,CYBERTECH,Cybertech Systems And Software Limited,EQ
CYIENT.NS,CYIENT,Cyient Limited,EQ
DAAWAT.NS,DAAWAT,LT Foods Limited,EQ
DABUR.NS,DABUR,Dabur India Limited,EQ
DALBHARAT.NS,DALBHARAT,Dalmia Bharat Limited,EQ
DALMIASUG.NS,DALMIASUG,Dalmia Bharat Sugar and Industries Limited,EQ
DAMODARIND.NS,DAMODARIND,Damodar Industries Limited,EQ
DATAMATICS.NS,DATAMATICS,Datamatics Global Services Limited,EQ
DBCORP.NS,DBCORP,D.B.Corp Limited,EQ
DBL.NS,DBL,Dilip Buildcon Limited,EQ
DBREALTY.NS,DBREALTY,D B Realty Limited,EQ
DBSTOCKBRO.NS,DBSTOCKBRO,DB (International) Stock Brokers Limited,EQ
DCAL.NS,DCAL,Dishman Carbogen Amcis Limited,EQ
DCBBANK.NS,DCBBANK,DCB Bank Limited,EQ
DCM.NS,DCM,DCM  Limited,EQ
DCMFINSERV.NS,DCMFINSERV,DCM Financial Services Limited,BE
DCMNVL.NS,DCMNVL,DCM Nouvelle Limited,EQ
DCMSHRIRAM.NS,DCMSHRIRAM,DCM Shriram Limited,EQ
DCW.NS,DCW,DCW Limited,EQ
DECCANCE.NS,DECCANCE,Deccan Cements Limited,EQ
DEEPAKFERT.NS,DEEPAKFERT,Deepak Fertilizers and Petrochemicals Corporation Limited,EQ
DEEPAKNTR.NS,DEEPAKNTR,Deepak Nitrite Limited,EQ
DEEPIND.NS,DEEPIND,Deep Industries Limited,EQ
DELTACORP.NS,DELTACORP,Delta Corp Limited,EQ
DELTAMAGNT.NS,DELTAMAGNT,Delta Manufacturing Limited,BE
DEN.NS,DEN,Den Networks Limited,EQ
DENORA.NS,DENORA,De Nora India Limited,EQ
DFMFOODS.NS,DFMFOODS,DFM Foods Limited,EQ
DGCONTENT.NS,DGCONTENT,Digicontent Limited,EQ
DHAMPURSUG.NS,DHAMPURSUG,Dhampur Sugar Mills Limited,EQ
DHANBANK.NS,DHANBANK,Dhanlaxmi Bank Limited,EQ
DHANUKA.NS,DHANUKA,Dhanuka Agritech Limited,EQ
DHARSUGAR.NS,DHARSUGAR,Dharani Sugars & Chemicals Limited,BE
DHFL.NS,DHFL,Dewan Housing Finance Corporation Limited,EQ
DHUNINV.NS,DHUNINV,Dhunseri Investments Limited,EQ
DIAMONDYD.NS,DIAMONDYD,Prataap Snacks Limited,EQ
DIAPOWER.NS,DIAPOWER,Diamond Power Infra Ltd,BZ
DICIND.NS,DICIND,DIC India Limited,EQ
DIGISPICE.NS,DIGISPICE,DiGiSPICE Technologies Limited,EQ
DIGJAMLTD.NS,DIGJAMLTD,Digjam Limited,BZ
DISHTV.NS,DISHTV,Dish TV India Limited,EQ
DIVISLAB.NS,DIVISLAB,Divi's Laboratories Limited,EQ
DIXON.NS,DIXON,Dixon Technologies (India) Limited,EQ
DLF.NS,DLF,DLF Limited,EQ
DLINKINDIA.NS,DLINKINDIA,D-Link (India) Limited,EQ
DMART.NS,DMART,Avenue Supermarts Limited,BE
DNAMEDIA.NS,DNAMEDIA,Diligent Media Corporation Limited,BE
DOLAT.NS,DOLAT,Dolat Investments Limited,EQ
DOLLAR.NS,DOLLAR,Dollar Industries Limited,EQ
DOLPHINOFF.NS,DOLPHINOFF,Dolphin Offshore Enterprises (India) Limited,BZ
DONEAR.NS,DONEAR,Donear Industries Limited,EQ
DPSCLTD.NS,DPSCLTD,DPSC Limited,EQ
DPWIRES.NS,DPWIRES,D P Wires Limited,EQ
DQE.NS,DQE,DQ Entertainment (International) Limited,BE
DREDGECORP.NS,DREDGECORP,Dredging Corporation of India Limited,EQ
DRREDDY.NS,DRREDDY,Dr. Reddy's Laboratories Limited,EQ
DSSL.NS,DSSL,Dynacons Systems & Solutions Limited,EQ
DTIL.NS,DTIL,Dhunseri Tea & Industries Limited,EQ
DUCON.NS,DUCON,Ducon Infratechnologies Limited,BE
DVL.NS,DVL,Dhunseri Ventures Limited,EQ
DWARKESH.NS,DWARKESH,Dwarikesh Sugar Industries Limited,EQ
DYNAMATECH.NS,DYNAMATECH,Dynamatic Technologies Limited,EQ
DYNPRO.NS,DYNPRO,Dynemic Products Limited,EQ
EASTSILK.NS,EASTSILK,Eastern Silk Industries Limited,EQ
EASUNREYRL.NS,EASUNREYRL,Easun Reyrolle Limited,BZ
EBIXFOREX.NS,EBIXFOREX,EBIXCASH WORLD MONEY INDIA LIMITED,BE
ECLERX.NS,ECLERX,eClerx Services Limited,EQ
EDELWEISS.NS,EDELWEISS,Edelweiss Financial Services Limited,EQ
EDL.NS,EDL,Empee Distilleries Limited,BZ
EDUCOMP.NS,EDUCOMP,Educomp Solutions Limited,BZ
EICHERMOT.NS,EICHERMOT,Eicher Motors Limited,EQ
EIDPARRY.NS,EIDPARRY,EID Parry India Limited,EQ
EIHAHOTELS.NS,EIHAHOTELS,EIH Associated Hotels Limited,EQ
EIHOTEL.NS,EIHOTEL,EIH Limited,EQ
EIMCOELECO.NS,EIMCOELECO,Eimco Elecon (India) Limited,EQ
EKC.NS,EKC,Everest Kanto Cylinder Limited,EQ
ELECON.NS,ELECON,Elecon Engineering Company Limited,EQ
ELECTCAST.NS,ELECTCAST,Electrosteel Castings Limited,EQ
ELECTHERM.NS,ELECTHERM,Electrotherm (India) Limited,EQ
ELGIEQUIP.NS,ELGIEQUIP,Elgi Equipments Limited,EQ
ELGIRUBCO.NS,ELGIRUBCO,Elgi Rubber Company Limited,EQ
EMAMILTD.NS,EMAMILTD,Emami Limited,EQ
EMAMIPAP.NS,EMAMIPAP,Emami Paper Mills Limited,EQ
EMAMIREAL.NS,EMAMIREAL,Emami Realty Limited,EQ
EMCO.NS,EMCO,Emco Limited,BZ
EMKAY.NS,EMKAY,Emkay Global Financial Services Limited,EQ
EMMBI.NS,EMMBI,Emmbi Industries Limited,EQ
ENDURANCE.NS,ENDURANCE,Endurance Technologies Limited,EQ
ENERGYDEV.NS,ENERGYDEV,Energy Development Company Limited,BE
ENGINERSIN.NS,ENGINERSIN,Engineers India Limited,EQ
ENIL.NS,ENIL,Entertainment Network (India) Limited,EQ
EON.NS,EON,Eon Electric Limited,BZ
EQUITAS.NS,EQUITAS,Equitas Holdings Limited,EQ
ERIS.NS,ERIS,Eris Lifesciences Limited,EQ
EROSMEDIA.NS,EROSMEDIA,Eros International Media Limited,EQ
ESABINDIA.NS,ESABINDIA,Esab India Limited,EQ
ESCORTS.NS,ESCORTS,Escorts Limited,EQ
ESSARSHPNG.NS,ESSARSHPNG,Essar Shipping Limited,BE
ESSELPACK.NS,ESSELPACK,Essel Propack Limited,EQ
ESTER.NS,ESTER,Ester Industries Limited,EQ
EUROCERA.NS,EUROCERA,Euro Ceramics Limited,BZ
EUROMULTI.NS,EUROMULTI,Euro Multivision Limited,BE
EUROTEXIND.NS,EUROTEXIND,Eurotex Industries and Exports Limited,EQ
EVEREADY.NS,EVEREADY,Eveready Industries India Limited,BE
EVERESTIND.NS,EVERESTIND,Everest Industries Limited,EQ
EXCEL.NS,EXCEL,Excel Realty N Infra Limited,EQ
EXCELINDUS.NS,EXCELINDUS,Excel Industries Limited,EQ
EXIDEIND.NS,EXIDEIND,Exide Industries Limited,EQ
EXPLEOSOL.NS,EXPLEOSOL,Expleo Solutions Limited,EQ
FACT.NS,FACT,Fertilizers and Chemicals Travancore Limited,EQ
FAIRCHEM.NS,FAIRCHEM,Fairchem Speciality Limited,EQ
FCL.NS,FCL,Fineotex Chemical Limited,EQ
FCONSUMER.NS,FCONSUMER,Future Consumer Limited,EQ
FCSSOFT.NS,FCSSOFT,FCS Software Solutions Limited,EQ
FDC.NS,FDC,FDC Limited,EQ
FEDERALBNK.NS,FEDERALBNK,The Federal Bank  Limited,EQ
FEL.NS,FEL,Future Enterprises Limited,EQ
FELDVR.NS,FELDVR,Future Enterprises Limited,EQ
FIEMIND.NS,FIEMIND,Fiem Industries Limited,EQ
FILATEX.NS,FILATEX,Filatex India Limited,EQ
FINCABLES.NS,FINCABLES,Finolex Cables Limited,EQ
FINEORG.NS,FINEORG,Fine Organic Industries Limited,EQ
FINPIPE.NS,FINPIPE,Finolex Industries Limited,EQ
FLEXITUFF.NS,FLEXITUFF,Flexituff Ventures International Limited,BE
FLFL.NS,FLFL,Future Lifestyle Fashions Limited,EQ
FLUOROCHEM.NS,FLUOROCHEM,Gujarat Fluorochemicals Limited,EQ
FMGOETZE.NS,FMGOETZE,Federal-Mogul Goetze (India) Limited.,EQ
FMNL.NS,FMNL,Future Market Networks Limited,EQ
FORCEMOT.NS,FORCEMOT,FORCE MOTORS LTD,EQ
FORTIS.NS,FORTIS,Fortis Healthcare Limited,EQ
FOSECOIND.NS,FOSECOIND,Foseco India Limited,EQ
FRETAIL.NS,FRETAIL,Future Retail Limited,EQ
FSC.NS,FSC,Future Supply Chain Solutions Limited,EQ
FSL.NS,FSL,Firstsource Solutions Limited,EQ
GABRIEL.NS,GABRIEL,Gabriel India Limited,EQ
GAEL.NS,GAEL,Gujarat Ambuja Exports Limited,EQ
GAIL.NS,GAIL,GAIL (India) Limited,EQ
GAL.NS,GAL,Gyscoal Alloys Limited,EQ
GALAXYSURF.NS,GALAXYSURF,Galaxy Surfactants Limited,EQ
GALLANTT.NS,GALLANTT,Gallantt Metal Limited,EQ
GALLISPAT.NS,GALLISPAT,Gallantt Ispat Limited,EQ
GAMMNINFRA.NS,GAMMNINFRA,Gammon Infrastructure Projects Limited,EQ
GANDHITUBE.NS,GANDHITUBE,Gandhi Special Tubes Limited,EQ
GANECOS.NS,GANECOS,Ganesha Ecosphere Limited,EQ
GANESHHOUC.NS,GANESHHOUC,Ganesh Housing Corporation Limited,EQ
GANGESSECU.NS,GANGESSECU,Ganges Securities Limited,EQ
GARDENSILK.NS,GARDENSILK,Garden Silk Mills Limited,EQ
GARFIBRES.NS,GARFIBRES,Garware Technical Fibres Limited,EQ
GATI.NS,GATI,GATI Limited,EQ
GAYAHWS.NS,GAYAHWS,Gayatri Highways Limited,BE
GAYAPROJ.NS,GAYAPROJ,Gayatri Projects Limited,BE
GBGLOBAL.NS,GBGLOBAL,GB Global Limited,BE
GDL.NS,GDL,Gateway Distriparks Limited,EQ
GEECEE.NS,GEECEE,GeeCee Ventures Limited,EQ
GEEKAYWIRE.NS,GEEKAYWIRE,Geekay Wires Limited,EQ
GENESYS.NS,GENESYS,Genesys International Corporation Limited,EQ
GENUSPAPER.NS,GENUSPAPER,Genus Paper & Boards Limited,EQ
GENUSPOWER.NS,GENUSPOWER,Genus Power Infrastructures Limited,EQ
GEOJITFSL.NS,GEOJITFSL,Geojit Financial Services Limited,EQ
GEPIL.NS,GEPIL,GE Power India Limited,EQ
GESHIP.NS,GESHIP,The Great Eastern Shipping Company Limited,EQ
GET&D.NS,GET&D,GE T&D India Limited,EQ
GFLLIMITED.NS,GFLLIMITED,GFL Limited,EQ
GFSTEELS.NS,GFSTEELS,Grand Foundry Limited,BE
GHCL.NS,GHCL,GHCL Limited,EQ
GICHSGFIN.NS,GICHSGFIN,GIC Housing Finance Limited,EQ
GICRE.NS,GICRE,General Insurance Corporation of India,EQ
GILLANDERS.NS,GILLANDERS,Gillanders Arbuthnot & Company Limited,BE
GILLETTE.NS,GILLETTE,Gillette India Limited,EQ
GINNIFILA.NS,GINNIFILA,Ginni Filaments Limited,EQ
GIPCL.NS,GIPCL,Gujarat Industries Power Company Limited,EQ
GISOLUTION.NS,GISOLUTION,GI Engineering Solutions Limited,EQ
GKWLIMITED.NS,GKWLIMITED,GKW Limited,EQ
GLAXO.NS,GLAXO,GlaxoSmithKline Pharmaceuticals Limited,EQ
GLENMARK.NS,GLENMARK,Glenmark Pharmaceuticals Limited,EQ
GLFL.NS,GLFL,Gujarat Lease Financing Limited,BE
GLOBALVECT.NS,GLOBALVECT,Global Vectra Helicorp Limited,EQ
GLOBOFFS.NS,GLOBOFFS,Global Offshore Services Limited,EQ
GLOBUSSPR.NS,GLOBUSSPR,Globus Spirits Limited,EQ
GMBREW.NS,GMBREW,GM Breweries Limited,EQ
GMDCLTD.NS,GMDCLTD,Gujarat Mineral Development Corporation Limited,EQ
GMMPFAUDLR.NS,GMMPFAUDLR,GMM Pfaudler Limited,EQ
GMRINFRA.NS,GMRINFRA,GMR Infrastructure Limited,EQ
GNA.NS,GNA,GNA Axles Limited,EQ
GNFC.NS,GNFC,Gujarat Narmada Valley Fertilizers and Chemicals Limited,EQ
GOACARBON.NS,GOACARBON,Goa Carbon Limited,BE
GOCLCORP.NS,GOCLCORP,GOCL Corporation Limited,EQ
GODFRYPHLP.NS,GODFRYPHLP,Godfrey Phillips India Limited,EQ
GODREJAGRO.NS,GODREJAGRO,Godrej Agrovet Limited,EQ
GODREJCP.NS,GODREJCP,Godrej Consumer Products Limited,EQ
GODREJIND.NS,GODREJIND,Godrej Industries Limited,EQ
GODREJPROP.NS,GODREJPROP,Godrej Properties Limited,EQ
GOENKA.NS,GOENKA,Goenka Diamond and Jewels Limited,BZ
GOKEX.NS,GOKEX,Gokaldas Exports Limited,EQ
GOKUL.NS,GOKUL,Gokul Refoils and Solvent Limited,EQ
GOKULAGRO.NS,GOKULAGRO,Gokul Agro Resources Limited,EQ
GOLDENTOBC.NS,GOLDENTOBC,Golden Tobacco Limited,EQ
GOLDIAM.NS,GOLDIAM,Goldiam International Limited,EQ
GOLDTECH.NS,GOLDTECH,Goldstone Technologies Limited,EQ
GOODLUCK.NS,GOODLUCK,Goodluck India Limited,EQ
GPIL.NS,GPIL,Godawari Power And Ispat limited,EQ
GPPL.NS,GPPL,Gujarat Pipavav Port Limited,EQ
GPTINFRA.NS,GPTINFRA,GPT Infraprojects Limited,EQ
GRANULES.NS,GRANULES,Granules India Limited,EQ
GRAPHITE.NS,GRAPHITE,Graphite India Limited,EQ
GRASIM.NS,GRASIM,Grasim Industries Limited,EQ
GRAVITA.NS,GRAVITA,Gravita India Limited,EQ
GREAVESCOT.NS,GREAVESCOT,Greaves Cotton Limited,EQ
GREENLAM.NS,GREENLAM,Greenlam Industries Limited,EQ
GREENPANEL.NS,GREENPANEL,Greenpanel Industries Limited,EQ
GREENPLY.NS,GREENPLY,Greenply Industries Limited,EQ
GREENPOWER.NS,GREENPOWER,Orient Green Power Company Limited,EQ
GRINDWELL.NS,GRINDWELL,Grindwell Norton Limited,EQ
GROBTEA.NS,GROBTEA,The Grob Tea Company Limited,EQ
GRPLTD.NS,GRPLTD,GRP Limited,EQ
GRSE.NS,GRSE,Garden Reach Shipbuilders & Engineers Limited,EQ
GSCLCEMENT.NS,GSCLCEMENT,Gujarat Sidhee Cement Limited,EQ
GSFC.NS,GSFC,Gujarat State Fertilizers & Chemicals Limited,EQ
GSPL.NS,GSPL,Gujarat State Petronet Limited,EQ
GSS.NS,GSS,GSS Infotech Limited,EQ
GTL.NS,GTL,GTL Limited,BE
GTLINFRA.NS,GTLINFRA,GTL Infrastructure Limited,BE
GTNIND.NS,GTNIND,GTN Industries Limited,EQ
GTNTEX.NS,GTNTEX,GTN Textiles Limited,BE
GTPL.NS,GTPL,GTPL Hathway Limited,EQ
GUFICBIO.NS,GUFICBIO,Gufic Biosciences Limited,EQ
GUJALKALI.NS,GUJALKALI,Gujarat Alkalies and Chemicals Limited,EQ
GUJAPOLLO.NS,GUJAPOLLO,Gujarat Apollo Industries Limited,EQ
GUJGASLTD.NS,GUJGASLTD,Gujarat Gas Limited,EQ
GUJRAFFIA.NS,GUJRAFFIA,Gujarat Raffia Industries Limited,BE
GULFOILLUB.NS,GULFOILLUB,Gulf Oil Lubricants India Limited,EQ
GULFPETRO.NS,GULFPETRO,GP Petroleums Limited,EQ
GULPOLY.NS,GULPOLY,Gulshan Polyols Limited,EQ
GVKPIL.NS,GVKPIL,GVK Power & Infrastructure Limited,EQ
HAL.NS,HAL,Hindustan Aeronautics Limited,EQ
HARITASEAT.NS,HARITASEAT,Harita Seating Systems Limited,EQ
HARRMALAYA.NS,HARRMALAYA,Harrisons  Malayalam Limited,EQ
HATHWAY.NS,HATHWAY,Hathway Cable & Datacom Limited,EQ
HATSUN.NS,HATSUN,Hatsun Agro Product Limited,EQ
HAVELLS.NS,HAVELLS,Havells India Limited,EQ
HAVISHA.NS,HAVISHA,Sri Havisha Hospitality and Infrastructure Limited,BE
HBLPOWER.NS,HBLPOWER,HBL Power Systems Limited,EQ
HBSL.NS,HBSL,HB Stockholdings Limited,EQ
HCC.NS,HCC,Hindustan Construction Company Limited,EQ
HCG.NS,HCG,Healthcare Global Enterprises Limited,EQ
HCL-INSYS.NS,HCL-INSYS,HCL Infosystems Limited,BE
HCLTECH.NS,HCLTECH,HCL Technologies Limited,EQ
HDFC.NS,HDFC,Housing Development Finance Corporation Limited,EQ
HDFCAMC.NS,HDFCAMC,HDFC Asset Management Company Limited,EQ
HDFCBANK.NS,HDFCBANK,HDFC Bank Limited,EQ
HDFCLIFE.NS,HDFCLIFE,HDFC Life Insurance Company Limited,EQ
HDIL.NS,HDIL,Housing Development and Infrastructure Limited,BZ
HEG.NS,HEG,HEG Limited,EQ
HEIDELBERG.NS,HEIDELBERG,HeidelbergCement India Limited,EQ
HERCULES.NS,HERCULES,Hercules Hoists Limited,EQ
HERITGFOOD.NS,HERITGFOOD,Heritage Foods Limited,EQ
HEROMOTOCO.NS,HEROMOTOCO,Hero MotoCorp Limited,EQ
HESTERBIO.NS,HESTERBIO,Hester Biosciences Limited,EQ
HEXATRADEX.NS,HEXATRADEX,Hexa Tradex Limited,BE
HEXAWARE.NS,HEXAWARE,Hexaware Technologies Limited,EQ
HFCL.NS,HFCL,HFCL Limited,EQ
HGINFRA.NS,HGINFRA,H.G. Infra Engineering Limited,EQ
HGS.NS,HGS,Hinduja Global Solutions Limited,EQ
HIGHGROUND.NS,HIGHGROUND,High Ground Enterprise Limited,BZ
HIKAL.NS,HIKAL,Hikal Limited,EQ
HIL.NS,HIL,HIL Limited,EQ
HILTON.NS,HILTON,Hilton Metal Forging Limited,EQ
HIMATSEIDE.NS,HIMATSEIDE,Himatsingka Seide Limited,EQ
HINDALCO.NS,HINDALCO,Hindalco Industries Limited,EQ
HINDCOMPOS.NS,HINDCOMPOS,Hindustan Composites Limited,EQ
HINDCOPPER.NS,HINDCOPPER,Hindustan Copper Limited,EQ
HINDMOTORS.NS,HINDMOTORS,Hindustan Motors Limited,EQ
HINDNATGLS.NS,HINDNATGLS,Hindusthan National Glass & Industries Limited,EQ
HINDOILEXP.NS,HINDOILEXP,Hindustan Oil Exploration Company Limited,EQ
HINDPETRO.NS,HINDPETRO,Hindustan Petroleum Corporation Limited,EQ
HINDUNILVR.NS,HINDUNILVR,Hindustan Unilever Limited,EQ
HINDZINC.NS,HINDZINC,Hindustan Zinc Limited,EQ
HIRECT.NS,HIRECT,Hind Rectifiers Limited,EQ
HISARMETAL.NS,HISARMETAL,Hisar Metal Industries Limited,EQ
HITECH.NS,HITECH,Hi-Tech Pipes Limited,EQ
HITECHCORP.NS,HITECHCORP,Hitech Corporation Limited,EQ
HITECHGEAR.NS,HITECHGEAR,The Hi-Tech Gears Limited,EQ
HLVLTD.NS,HLVLTD,HLV LIMITED,EQ
HMT.NS,HMT,HMT Limited,BZ
HMVL.NS,HMVL,Hindustan Media Ventures Limited,EQ
HNDFDS.NS,HNDFDS,Hindustan Foods Limited,EQ
HONAUT.NS,HONAUT,Honeywell Automation India Limited,EQ
HONDAPOWER.NS,HONDAPOWER,Honda Siel Power Products Limited,EQ
HOTELRUGBY.NS,HOTELRUGBY,Hotel Rugby Limited,BE
HOVS.NS,HOVS,HOV Services Limited,BE
HPL.NS,HPL,HPL Electric & Power Limited,EQ
HSCL.NS,HSCL,Himadri Speciality Chemical Limited,EQ
HSIL.NS,HSIL,HSIL Limited,EQ
HTMEDIA.NS,HTMEDIA,HT Media Limited,BE
HUBTOWN.NS,HUBTOWN,Hubtown Limited,BE
HUDCO.NS,HUDCO,Housing & Urban Development Corporation Limited,EQ
IBREALEST.NS,IBREALEST,Indiabulls Real Estate Limited,EQ
IBULHSGFIN.NS,IBULHSGFIN,Indiabulls Housing Finance Limited,EQ
IBULISL.NS,IBULISL,Indiabulls Integrated Services Limited,EQ
IBVENTURES.NS,IBVENTURES,Indiabulls Ventures Limited,EQ
ICICIBANK.NS,ICICIBANK,ICICI Bank Limited,EQ
ICICIGI.NS,ICICIGI,ICICI Lombard General Insurance Company Limited,EQ
ICICIPRULI.NS,ICICIPRULI,ICICI Prudential Life Insurance Company Limited,EQ
ICIL.NS,ICIL,Indo Count Industries Limited,EQ
ICRA.NS,ICRA,ICRA Limited,EQ
IDBI.NS,IDBI,IDBI Bank Limited,EQ
IDEA.NS,IDEA,Vodafone Idea Limited,EQ
IDFC.NS,IDFC,IDFC Limited,EQ
IDFCFIRSTB.NS,IDFCFIRSTB,IDFC First Bank Limited,EQ
IEX.NS,IEX,Indian Energy Exchange Limited,EQ
IFBAGRO.NS,IFBAGRO,IFB Agro Industries Limited,EQ
IFBIND.NS,IFBIND,IFB Industries Limited,EQ
IFCI.NS,IFCI,IFCI Limited,EQ
IFGLEXPOR.NS,IFGLEXPOR,IFGL Refractories Limited,EQ
IGARASHI.NS,IGARASHI,Igarashi Motors India Limited,EQ
IGL.NS,IGL,Indraprastha Gas Limited,EQ
IGPL.NS,IGPL,IG Petrochemicals Limited,EQ
IIFL.NS,IIFL,IIFL Finance Limited,EQ
IIFLSEC.NS,IIFLSEC,IIFL Securities Limited,EQ
IIFLWAM.NS,IIFLWAM,Iifl Wealth Management Limited,EQ
IITL.NS,IITL,Industrial Investment Trust Limited,BE
IL&FSENGG.NS,IL&FSENGG,IL&FS Engineering and Construction Company Limited,BZ
IL&FSTRANS.NS,IL&FSTRANS,IL&FS Transportation Networks Limited,BZ
IMAGICAA.NS,IMAGICAA,Imagicaaworld Entertainment Limited,BE
IMFA.NS,IMFA,Indian Metals & Ferro Alloys Limited,EQ
IMPAL.NS,IMPAL,India Motor Parts and Accessories Limited,EQ
IMPEXFERRO.NS,IMPEXFERRO,Impex Ferro Tech Limited,BE
INDBANK.NS,INDBANK,Indbank Merchant Banking Services Limited,EQ
INDHOTEL.NS,INDHOTEL,The Indian Hotels Company Limited,EQ
INDIACEM.NS,INDIACEM,The India Cements Limited,EQ
INDIAGLYCO.NS,INDIAGLYCO,India Glycols Limited,EQ
INDIAMART.NS,INDIAMART,Indiamart Intermesh Limited,EQ
INDIANB.NS,INDIANB,Indian Bank,EQ
INDIANCARD.NS,INDIANCARD,Indian Card Clothing Company Limited,EQ
INDIANHUME.NS,INDIANHUME,Indian Hume Pipe Company Limited,EQ
INDIGO.NS,INDIGO,InterGlobe Aviation Limited,EQ
INDLMETER.NS,INDLMETER,IMP Powers Limited,BE
INDNIPPON.NS,INDNIPPON,India Nippon Electricals Limited,EQ
INDOCO.NS,INDOCO,Indoco Remedies Limited,EQ
INDORAMA.NS,INDORAMA,Indo Rama Synthetics (India) Limited,EQ
INDOSOLAR.NS,INDOSOLAR,Indosolar Limited,BZ
INDOSTAR.NS,INDOSTAR,IndoStar Capital Finance Limited,EQ
INDOTECH.NS,INDOTECH,Indo Tech Transformers Limited,EQ
INDOTHAI.NS,INDOTHAI,Indo Thai Securities Limited,EQ
INDOWIND.NS,INDOWIND,Indowind Energy Limited,EQ
INDRAMEDCO.NS,INDRAMEDCO,Indraprastha Medical Corporation Limited,EQ
INDSWFTLAB.NS,INDSWFTLAB,Ind-Swift Laboratories Limited,BE
INDSWFTLTD.NS,INDSWFTLTD,Ind-Swift Limited,BE
INDTERRAIN.NS,INDTERRAIN,Indian Terrain Fashions Limited,EQ
INDUSINDBK.NS,INDUSINDBK,IndusInd Bank Limited,EQ
INEOSSTYRO.NS,INEOSSTYRO,INEOS Styrolution India Limited,EQ
INFIBEAM.NS,INFIBEAM,Infibeam Avenues Limited,EQ
INFOBEAN.NS,INFOBEAN,InfoBeans Technologies Limited,BE
INFOMEDIA.NS,INFOMEDIA,Infomedia Press Limited,BE
INFRATEL.NS,INFRATEL,Bharti Infratel Limited,EQ
INFY.NS,INFY,Infosys Limited,EQ
INGERRAND.NS,INGERRAND,Ingersoll Rand (India) Limited,EQ
INOXLEISUR.NS,INOXLEISUR,INOX Leisure Limited,EQ
INOXWIND.NS,INOXWIND,Inox Wind Limited,EQ
INSECTICID.NS,INSECTICID,Insecticides (India) Limited,EQ
INSPIRISYS.NS,INSPIRISYS,Inspirisys Solutions Limited,EQ
INTEGRA.NS,INTEGRA,Integra Garments and Textiles Limited,EQ
INTELLECT.NS,INTELLECT,Intellect Design Arena Limited,EQ
INTENTECH.NS,INTENTECH,Intense Technologies Limited,EQ
INVENTURE.NS,INVENTURE,Inventure Growth & Securities Limited,BE
IOB.NS,IOB,Indian Overseas Bank,EQ
IOC.NS,IOC,Indian Oil Corporation Limited,EQ
IOLCP.NS,IOLCP,IOL Chemicals and Pharmaceuticals Limited,EQ
IPCALAB.NS,IPCALAB,IPCA Laboratories Limited,EQ
IRB.NS,IRB,IRB Infrastructure Developers Limited,EQ
IRCON.NS,IRCON,Ircon International Limited,EQ
IRCTC.NS,IRCTC,Indian Railway Catering And Tourism Corporation Limited,EQ
ISEC.NS,ISEC,ICICI Securities Limited,EQ
ISFT.NS,ISFT,Intrasoft Technologies Limited,EQ
ISMTLTD.NS,ISMTLTD,ISMT Limited,EQ
ITC.NS,ITC,ITC Limited,EQ
ITDC.NS,ITDC,India Tourism Development Corporation Limited,EQ
ITDCEM.NS,ITDCEM,ITD Cementation India Limited,EQ
ITI.NS,ITI,ITI Limited,EQ
IVC.NS,IVC,IL&FS Investment Managers Limited,EQ
IVP.NS,IVP,IVP Limited,BE
IZMO.NS,IZMO,IZMO Limited,BE
J&KBANK.NS,J&KBANK,The Jammu & Kashmir Bank Limited,EQ
JAGRAN.NS,JAGRAN,Jagran Prakashan Limited,EQ
JAGSNPHARM.NS,JAGSNPHARM,Jagsonpal Pharmaceuticals Limited,EQ
JAIBALAJI.NS,JAIBALAJI,Jai Balaji Industries Limited,BE
JAICORPLTD.NS,JAICORPLTD,Jai Corp Limited,EQ
JAIHINDPRO.NS,JAIHINDPRO,Jaihind Projects Limited,BZ
JAINSTUDIO.NS,JAINSTUDIO,Jain Studios Limited,BE
JAMNAAUTO.NS,JAMNAAUTO,Jamna Auto Industries Limited,EQ
JASH.NS,JASH,Jash Engineering Limited,BE
JAYAGROGN.NS,JAYAGROGN,Jayant Agro Organics Limited,BE
JAYBARMARU.NS,JAYBARMARU,Jay Bharat Maruti Limited,EQ
JAYNECOIND.NS,JAYNECOIND,Jayaswal Neco Industries Limited,BE
JAYSREETEA.NS,JAYSREETEA,Jayshree Tea & Industries Limited,BE
JBCHEPHARM.NS,JBCHEPHARM,JB Chemicals & Pharmaceuticals Limited,EQ
JBFIND.NS,JBFIND,JBF Industries Limited,BE
JBMA.NS,JBMA,JBM Auto Limited,EQ
JCHAC.NS,JCHAC,Johnson Controls - Hitachi Air Conditioning India Limited,EQ
JETAIRWAYS.NS,JETAIRWAYS,Jet Airways (India) Limited,BZ
JHS.NS,JHS,JHS Svendgaard Laboratories Limited,EQ
JIKIND.NS,JIKIND,JIK Industries Limited,BE
JINDALPHOT.NS,JINDALPHOT,Jindal Photo Limited,BE
JINDALPOLY.NS,JINDALPOLY,Jindal Poly Films Limited,EQ
JINDALSAW.NS,JINDALSAW,Jindal Saw Limited,EQ
JINDALSTEL.NS,JINDALSTEL,Jindal Steel & Power Limited,EQ
JINDRILL.NS,JINDRILL,Jindal Drilling And Industries Limited,EQ
JINDWORLD.NS,JINDWORLD,Jindal Worldwide Limited,EQ
JISLDVREQS.NS,JISLDVREQS,Jain Irrigation Systems Limited,BE
JISLJALEQS.NS,JISLJALEQS,Jain Irrigation Systems Limited,BE
JITFINFRA.NS,JITFINFRA,JITF Infralogistics Limited,BE
JIYAECO.NS,JIYAECO,Jiya Eco-Products Limited,EQ
JKCEMENT.NS,JKCEMENT,JK Cement Limited,EQ
JKIL.NS,JKIL,J.Kumar Infraprojects Limited,EQ
JKLAKSHMI.NS,JKLAKSHMI,JK Lakshmi Cement Limited,EQ
JKPAPER.NS,JKPAPER,JK Paper Limited,EQ
JKTYRE.NS,JKTYRE,JK Tyre & Industries Limited,EQ
JMA.NS,JMA,Jullundur Motor Agency (Delhi) Limited,EQ
JMCPROJECT.NS,JMCPROJECT,JMC Projects (India)  Limited,EQ
JMFINANCIL.NS,JMFINANCIL,JM Financial Limited,EQ
JMTAUTOLTD.NS,JMTAUTOLTD,JMT Auto Limited,BE
JOCIL.NS,JOCIL,Jocil Limited,EQ
JPASSOCIAT.NS,JPASSOCIAT,Jaiprakash Associates Limited,EQ
JPINFRATEC.NS,JPINFRATEC,Jaypee Infratech Limited,BE
JPOLYINVST.NS,JPOLYINVST,Jindal Poly Investment and Finance Company Limited,EQ
JPPOWER.NS,JPPOWER,Jaiprakash Power Ventures Limited,BE
JSL.NS,JSL,Jindal Stainless Limited,EQ
JSLHISAR.NS,JSLHISAR,Jindal Stainless (Hisar) Limited,EQ
JSWENERGY.NS,JSWENERGY,JSW Energy Limited,EQ
JSWHL.NS,JSWHL,JSW Holdings Limited,EQ
JSWSTEEL.NS,JSWSTEEL,JSW Steel Limited,EQ
JTEKTINDIA.NS,JTEKTINDIA,Jtekt India Limited,EQ
JUBILANT.NS,JUBILANT,Jubilant Life Sciences Limited,EQ
JUBLFOOD.NS,JUBLFOOD,Jubilant Foodworks Limited,EQ
JUBLINDS.NS,JUBLINDS,Jubilant Industries Limited,EQ
JUMPNET.NS,JUMPNET,Jump Networks Limited,EQ
JUSTDIAL.NS,JUSTDIAL,Just Dial Limited,EQ
JVLAGRO.NS,JVLAGRO,JVL Agro Industries Limited,BZ
JYOTHYLAB.NS,JYOTHYLAB,Jyothy Labs Limited,EQ
JYOTISTRUC.NS,JYOTISTRUC,Jyoti Structures Limited,BZ
KABRAEXTRU.NS,KABRAEXTRU,Kabra Extrusion Technik Limited,EQ
KAJARIACER.NS,KAJARIACER,Kajaria Ceramics Limited,EQ
KAKATCEM.NS,KAKATCEM,Kakatiya Cement Sugar & Industries Limited,EQ
KALPATPOWR.NS,KALPATPOWR,Kalpataru Power Transmission Limited,EQ
KALYANI.NS,KALYANI,Kalyani Commercials Limited,BE
KALYANIFRG.NS,KALYANIFRG,Kalyani Forge Limited,BE
KAMATHOTEL.NS,KAMATHOTEL,Kamat Hotels (I) Limited,EQ
KAMDHENU.NS,KAMDHENU,Kamdhenu Limited,EQ
KANANIIND.NS,KANANIIND,Kanani Industries Limited,BE
KANORICHEM.NS,KANORICHEM,Kanoria Chemicals & Industries Limited,EQ
KANSAINER.NS,KANSAINER,Kansai Nerolac Paints Limited,EQ
KAPSTON.NS,KAPSTON,Kapston Facilities Management Limited,EQ
KARDA.NS,KARDA,Karda Constructions Limited,EQ
KARMAENG.NS,KARMAENG,Karma Energy Limited,EQ
KARURVYSYA.NS,KARURVYSYA,Karur Vysya Bank Limited,EQ
KAUSHALYA.NS,KAUSHALYA,Kaushalya Infrastructure Development Corporation Limited,EQ
KAYA.NS,KAYA,Kaya Limited,EQ
KCP.NS,KCP,KCP Limited,EQ
KCPSUGIND.NS,KCPSUGIND,KCP Sugar and Industries Corporation Limited,EQ
KDDL.NS,KDDL,KDDL Limited,EQ
KEC.NS,KEC,KEC International Limited,EQ
KECL.NS,KECL,Kirloskar Electric Company Limited,EQ
KEI.NS,KEI,KEI Industries Limited,EQ
KELLTONTEC.NS,KELLTONTEC,Kellton Tech Solutions Limited,EQ
KENNAMET.NS,KENNAMET,Kennametal India Limited,EQ
KERNEX.NS,KERNEX,Kernex Microsystems (India) Limited,BE
KESORAMIND.NS,KESORAMIND,Kesoram Industries Limited,EQ
KEYFINSERV.NS,KEYFINSERV,Keynote Financial Services Limited,BE
KGL.NS,KGL,Karuturi Global Limited,BZ
KHADIM.NS,KHADIM,Khadim India Limited,EQ
KHANDSE.NS,KHANDSE,Khandwala Securities Limited,EQ
KICL.NS,KICL,Kalyani Investment Company Limited,EQ
KILITCH.NS,KILITCH,Kilitch Drugs (India) Limited,EQ
KINGFA.NS,KINGFA,Kingfa Science & Technology (India) Limited,EQ
KIOCL.NS,KIOCL,KIOCL Limited,EQ
KIRIINDUS.NS,KIRIINDUS,Kiri Industries Limited,EQ
KIRLFER.NS,KIRLFER,Kirloskar Ferrous Industries Ltd,EQ
KIRLOSBROS.NS,KIRLOSBROS,Kirloskar Brothers Limited,EQ
KIRLOSENG.NS,KIRLOSENG,Kirloskar Oil Engines Limited,EQ
KIRLOSIND.NS,KIRLOSIND,Kirloskar Industries Limited,EQ
KITEX.NS,KITEX,Kitex Garments Limited,EQ
KKCL.NS,KKCL,Kewal Kiran Clothing Limited,EQ
KMSUGAR.NS,KMSUGAR,K.M.Sugar Mills Limited,EQ
KNRCON.NS,KNRCON,KNR Constructions Limited,EQ
KOHINOOR.NS,KOHINOOR,Kohinoor Foods Limited,BZ
KOKUYOCMLN.NS,KOKUYOCMLN,Kokuyo Camlin Limited,EQ
KOLTEPATIL.NS,KOLTEPATIL,Kolte - Patil Developers Limited,EQ
KOPRAN.NS,KOPRAN,Kopran Limited,EQ
KOTAKBANK.NS,KOTAKBANK,Kotak Mahindra Bank Limited,EQ
KOTARISUG.NS,KOTARISUG,Kothari Sugars And Chemicals Limited,EQ
KOTHARIPET.NS,KOTHARIPET,Kothari Petrochemicals Limited,EQ
KOTHARIPRO.NS,KOTHARIPRO,Kothari Products Limited,EQ
KPITTECH.NS,KPITTECH,KPIT Technologies Limited,EQ
KPRMILL.NS,KPRMILL,K.P.R. Mill Limited,EQ
KRBL.NS,KRBL,KRBL Limited,EQ
KREBSBIO.NS,KREBSBIO,Krebs Biochemicals and Industries Limited,EQ
KRIDHANINF.NS,KRIDHANINF,Kridhan Infra Limited,BE
KRISHANA.NS,KRISHANA,Krishana Phoschem Limited,BE
KSB.NS,KSB,Ksb Limited,EQ
KSCL.NS,KSCL,Kaveri Seed Company Limited,EQ
KSERASERA.NS,KSERASERA,KSS Limited,BE
KSK.NS,KSK,KSK Energy Ventures Limited,EQ
KSL.NS,KSL,Kalyani Steels Limited,EQ
KTKBANK.NS,KTKBANK,The Karnataka Bank Limited,EQ
KUANTUM.NS,KUANTUM,Kuantum Papers Limited,EQ
KWALITY.NS,KWALITY,kwality limited,BE
L&TFH.NS,L&TFH,L&T Finance Holdings Limited,EQ
LAKPRE.NS,LAKPRE,Lakshmi Precision Screws Limited,BZ
LAKSHVILAS.NS,LAKSHVILAS,Lakshmi Vilas Bank Limited,EQ
LALPATHLAB.NS,LALPATHLAB,Dr. Lal Path Labs Ltd.,EQ
LAMBODHARA.NS,LAMBODHARA,Lambodhara Textiles Limited,EQ
LAOPALA.NS,LAOPALA,La Opala RG Limited,EQ
LASA.NS,LASA,Lasa Supergenerics Limited,BE
LAURUSLABS.NS,LAURUSLABS,Laurus Labs Limited,EQ
LAXMIMACH.NS,LAXMIMACH,Lakshmi Machine Works Limited,EQ
LEMONTREE.NS,LEMONTREE,Lemon Tree Hotels Limited,EQ
LFIC.NS,LFIC,Lakshmi Finance & Industrial Corporation Limited,EQ
LGBBROSLTD.NS,LGBBROSLTD,LG Balakrishnan & Bros Limited,EQ
LGBFORGE.NS,LGBFORGE,LGB Forge Limited,EQ
LIBAS.NS,LIBAS,Libas Designs Limited,BE
LIBERTSHOE.NS,LIBERTSHOE,Liberty Shoes Limited,EQ
LICHSGFIN.NS,LICHSGFIN,LIC Housing Finance Limited,EQ
LINCOLN.NS,LINCOLN,Lincoln Pharmaceuticals Limited,EQ
LINCPEN.NS,LINCPEN,Linc Pen & Plastics Limited,EQ
LINDEINDIA.NS,LINDEINDIA,Linde India Limited,EQ
LOKESHMACH.NS,LOKESHMACH,Lokesh Machines Limited,EQ
LOTUSEYE.NS,LOTUSEYE,Lotus Eye Hospital and Institute Limited,EQ
LOVABLE.NS,LOVABLE,Lovable Lingerie Limited,EQ
LPDC.NS,LPDC,Landmark Property Development Company Limited,BE
LSIL.NS,LSIL,Lloyds Steels Industries Limited,EQ
LT.NS,LT,Larsen & Toubro Limited,EQ
LTI.NS,LTI,Larsen & Toubro Infotech Limited,EQ
LTTS.NS,LTTS,L&T Technology Services Limited,EQ
LUMAXIND.NS,LUMAXIND,Lumax Industries Limited,EQ
LUMAXTECH.NS,LUMAXTECH,Lumax Auto Technologies Limited,EQ
LUPIN.NS,LUPIN,Lupin Limited,EQ
LUXIND.NS,LUXIND,Lux Industries Limited,EQ
LYKALABS.NS,LYKALABS,Lyka Labs Limited,EQ
LYPSAGEMS.NS,LYPSAGEMS,Lypsa Gems & Jewellery Limited,EQ
M&M.NS,M&M,Mahindra & Mahindra Limited,EQ
M&MFIN.NS,M&MFIN,Mahindra & Mahindra Financial Services Limited,EQ
MAANALU.NS,MAANALU,Maan Aluminium Limited,EQ
MADHAV.NS,MADHAV,Madhav Marbles and Granites Limited,EQ
MADHUCON.NS,MADHUCON,Madhucon Projects Limited,BE
MADRASFERT.NS,MADRASFERT,Madras Fertilizers Limited,BE
MAGADSUGAR.NS,MAGADSUGAR,Magadh Sugar & Energy Limited,EQ
MAGMA.NS,MAGMA,Magma Fincorp Limited,EQ
MAGNUM.NS,MAGNUM,Magnum Ventures Limited,BE
MAHABANK.NS,MAHABANK,Bank of Maharashtra,EQ
MAHAPEXLTD.NS,MAHAPEXLTD,Maha Rashtra Apex Corporation Limited,BE
MAHASTEEL.NS,MAHASTEEL,Mahamaya Steel Industries Limited,BE
MAHEPC.NS,MAHEPC,Mahindra EPC Irrigation Limited,EQ
MAHESHWARI.NS,MAHESHWARI,Maheshwari Logistics Limited,EQ
MAHINDCIE.NS,MAHINDCIE,Mahindra CIE Automotive Limited,EQ
MAHLIFE.NS,MAHLIFE,Mahindra Lifespace Developers Limited,EQ
MAHLOG.NS,MAHLOG,Mahindra Logistics Limited,EQ
MAHSCOOTER.NS,MAHSCOOTER,Maharashtra Scooters Limited,EQ
MAHSEAMLES.NS,MAHSEAMLES,Maharashtra Seamless Limited,EQ
MAITHANALL.NS,MAITHANALL,Maithan Alloys Limited,EQ
MAJESCO.NS,MAJESCO,Majesco Limited,EQ
MALUPAPER.NS,MALUPAPER,Malu Paper Mills Limited,EQ
MANAKALUCO.NS,MANAKALUCO,Manaksia Aluminium Company Limited,EQ
MANAKCOAT.NS,MANAKCOAT,Manaksia Coated Metals & Industries Limited,EQ
MANAKSIA.NS,MANAKSIA,Manaksia Limited,BE
MANAKSTEEL.NS,MANAKSTEEL,Manaksia Steels Limited,EQ
MANALIPETC.NS,MANALIPETC,Manali Petrochemicals Limited,EQ
MANAPPURAM.NS,MANAPPURAM,Manappuram Finance Limited,EQ
MANGALAM.NS,MANGALAM,Mangalam Drugs And Organics Limited,BE
MANGCHEFER.NS,MANGCHEFER,Mangalore Chemicals & Fertilizers Limited,EQ
MANGLMCEM.NS,MANGLMCEM,Mangalam Cement Limited,EQ
MANGTIMBER.NS,MANGTIMBER,Mangalam Timber Products Limited,EQ
MANINDS.NS,MANINDS,Man Industries (India) Limited,EQ
MANINFRA.NS,MANINFRA,Man Infraconstruction Limited,EQ
MANPASAND.NS,MANPASAND,Manpasand Beverages Limited,BZ
MANUGRAPH.NS,MANUGRAPH,Manugraph India Limited,EQ
MARALOVER.NS,MARALOVER,Maral Overseas Limited,EQ
MARATHON.NS,MARATHON,Marathon Nextgen Realty Limited,EQ
MARICO.NS,MARICO,Marico Limited,EQ
MARKSANS.NS,MARKSANS,Marksans Pharma Limited,EQ
MARUTI.NS,MARUTI,Maruti Suzuki India Limited,EQ
MASFIN.NS,MASFIN,MAS Financial Services Limited,EQ
MASKINVEST.NS,MASKINVEST,Mask Investments Limited,BE
MASTEK.NS,MASTEK,Mastek Limited,EQ
MATRIMONY.NS,MATRIMONY,Matrimony.Com Limited,EQ
MAWANASUG.NS,MAWANASUG,Mawana Sugars Limited,EQ
MAXINDIA.NS,MAXINDIA,Max India Limited,EQ
MAXVIL.NS,MAXVIL,Max Ventures and Industries Limited,EQ
MAYURUNIQ.NS,MAYURUNIQ,Mayur Uniquoters Ltd,EQ
MAZDA.NS,MAZDA,Mazda Limited,EQ
MBAPL.NS,MBAPL,Madhya Bharat Agro Products Limited,BE
MBECL.NS,MBECL,Mcnally Bharat Engineering Company Limited,BE
MBLINFRA.NS,MBLINFRA,MBL Infrastructures Limited,BE
MCDHOLDING.NS,MCDHOLDING,McDowell Holdings Limited,BE
MCDOWELL-N.NS,MCDOWELL-N,United Spirits Limited,EQ
MCLEODRUSS.NS,MCLEODRUSS,Mcleod Russel India Limited,BE
MCX.NS,MCX,Multi Commodity Exchange of India Limited,EQ
MEGASOFT.NS,MEGASOFT,Megasoft Limited,EQ
MEGH.NS,MEGH,Meghmani Organics Limited,EQ
MELSTAR.NS,MELSTAR,Melstar Information Technologies Limited,BZ
MENONBE.NS,MENONBE,Menon Bearings Limited,EQ
MEP.NS,MEP,MEP Infrastructure Developers Limited,BE
MERCATOR.NS,MERCATOR,Mercator Limited,BE
METALFORGE.NS,METALFORGE,Metalyst Forgings Limited,BE
METKORE.NS,METKORE,Metkore Alloys & Industries Limited,BZ
METROPOLIS.NS,METROPOLIS,Metropolis Healthcare Limited,EQ
MFSL.NS,MFSL,Max Financial Services Limited,EQ
MGL.NS,MGL,Mahanagar Gas Limited,EQ
MHRIL.NS,MHRIL,Mahindra Holidays & Resorts India Limited,EQ
MIC.NS,MIC,MIC Electronics Limited,BE
MIDHANI.NS,MIDHANI,Mishra Dhatu Nigam Limited,EQ
MINDACORP.NS,MINDACORP,Minda Corporation Limited,EQ
MINDAIND.NS,MINDAIND,Minda Industries Limited,EQ
MINDTECK.NS,MINDTECK,Mindteck (India) Limited,EQ
MINDTREE.NS,MINDTREE,MindTree Limited,EQ
MIRCELECTR.NS,MIRCELECTR,MIRC Electronics Limited,EQ
MIRZAINT.NS,MIRZAINT,Mirza International Limited,EQ
MITTAL.NS,MITTAL,Mittal Life Style Limited,EQ
MMFL.NS,MMFL,MM Forgings Limited,EQ
MMP.NS,MMP,MMP Industries Limited,EQ
MMTC.NS,MMTC,MMTC Limited,EQ
MODIRUBBER.NS,MODIRUBBER,Modi Rubber Limited,BE
MOHITIND.NS,MOHITIND,Mohit Industries Limited,EQ
MOHOTAIND.NS,MOHOTAIND,Mohota Industries Limited,EQ
MOIL.NS,MOIL,MOIL Limited,EQ
MOLDTECH.NS,MOLDTECH,Mold-Tek Technologies Limited,EQ
MOLDTKPAC.NS,MOLDTKPAC,Mold-Tek Packaging Limited,EQ
MONTECARLO.NS,MONTECARLO,Monte Carlo Fashions Limited,EQ
MORARJEE.NS,MORARJEE,Morarjee Textiles Limited,EQ
MOREPENLAB.NS,MOREPENLAB,Morepen Laboratories Limited,EQ
MOTHERSUMI.NS,MOTHERSUMI,Motherson Sumi Systems Limited,EQ
MOTILALOFS.NS,MOTILALOFS,Motilal Oswal Financial Services Limited,EQ
MOTOGENFIN.NS,MOTOGENFIN,The Motor & General Finance Limited,EQ
MPHASIS.NS,MPHASIS,MphasiS Limited,EQ
MPSLTD.NS,MPSLTD,MPS Limited,EQ
MRF.NS,MRF,MRF Limited,EQ
MRO-TEK.NS,MRO-TEK,MRO-TEK Realty Limited,EQ
MRPL.NS,MRPL,Mangalore Refinery and Petrochemicals Limited,EQ
MSPL.NS,MSPL,MSP Steel & Power Limited,BE
MSTCLTD.NS,MSTCLTD,Mstc Limited,EQ
MTEDUCARE.NS,MTEDUCARE,MT Educare Limited,EQ
MTNL.NS,MTNL,Mahanagar Telephone Nigam Limited,EQ
MUKANDENGG.NS,MUKANDENGG,Mukand Engineers Limited,BE
MUKANDLTD.NS,MUKANDLTD,Mukand Limited,EQ
MUKTAARTS.NS,MUKTAARTS,Mukta Arts Limited,EQ
MUNJALAU.NS,MUNJALAU,Munjal Auto Industries Limited,EQ
MUNJALSHOW.NS,MUNJALSHOW,Munjal Showa Limited,EQ
MURUDCERA.NS,MURUDCERA,Murudeshwar Ceramics Limited,EQ
MUTHOOTCAP.NS,MUTHOOTCAP,Muthoot Capital Services Limited,EQ
MUTHOOTFIN.NS,MUTHOOTFIN,Muthoot Finance Limited,EQ
NACLIND.NS,NACLIND,NACL Industries Limited,EQ
NAGAFERT.NS,NAGAFERT,Nagarjuna Fertilizers and Chemicals Limited,BE
NAGREEKCAP.NS,NAGREEKCAP,Nagreeka Capital & Infrastructure Limited,EQ
NAGREEKEXP.NS,NAGREEKEXP,Nagreeka Exports Limited,EQ
NAHARCAP.NS,NAHARCAP,Nahar Capital and Financial Services Limited,EQ
NAHARINDUS.NS,NAHARINDUS,Nahar Industrial Enterprises Limited,EQ
NAHARPOLY.NS,NAHARPOLY,Nahar Poly Films Limited,EQ
NAHARSPING.NS,NAHARSPING,Nahar Spinning Mills Limited,EQ
NAM-INDIA.NS,NAM-INDIA,Nippon Life India Asset Management Limited,EQ
NATCOPHARM.NS,NATCOPHARM,Natco Pharma Limited,EQ
NATHBIOGEN.NS,NATHBIOGEN,Nath Bio-Genes (India) Limited,EQ
NATIONALUM.NS,NATIONALUM,National Aluminium Company Limited,EQ
NATNLSTEEL.NS,NATNLSTEEL,National Steel And Agro Industries Limited,EQ
NAUKRI.NS,NAUKRI,Info Edge (India) Limited,EQ
NAVINFLUOR.NS,NAVINFLUOR,Navin Fluorine International Limited,EQ
NAVKARCORP.NS,NAVKARCORP,Navkar Corporation Limited,EQ
NAVNETEDUL.NS,NAVNETEDUL,Navneet Education Limited,EQ
NBCC.NS,NBCC,NBCC (India) Limited,EQ
NBIFIN.NS,NBIFIN,N. B. I. Industrial Finance Company Limited,EQ
NBVENTURES.NS,NBVENTURES,Nava Bharat Ventures Limited,EQ
NCC.NS,NCC,NCC Limited,EQ
NCLIND.NS,NCLIND,NCL Industries Limited,EQ
NDGL.NS,NDGL,Naga Dhunseri Group Limited,EQ
NDL.NS,NDL,Nandan Denim Limited,EQ
NDTV.NS,NDTV,New Delhi Television Limited,EQ
NECCLTD.NS,NECCLTD,North Eastern Carrying Corporation Limited,EQ
NECLIFE.NS,NECLIFE,Nectar Lifesciences Limited,EQ
NELCAST.NS,NELCAST,Nelcast Limited,EQ
NELCO.NS,NELCO,NELCO Limited,BE
NEOGEN.NS,NEOGEN,Neogen Chemicals Limited,BE
NESCO.NS,NESCO,Nesco Limited,EQ
NESTLEIND.NS,NESTLEIND,Nestle India Limited,EQ
NETWORK18.NS,NETWORK18,Network18 Media & Investments Limited,EQ
NEULANDLAB.NS,NEULANDLAB,Neuland Laboratories Limited,EQ
NEWGEN.NS,NEWGEN,Newgen Software Technologies Limited,EQ
NEXTMEDIA.NS,NEXTMEDIA,Next Mediaworks Limited,BE
NFL.NS,NFL,National Fertilizers Limited,EQ
NH.NS,NH,Narayana Hrudayalaya Ltd.,EQ
NHPC.NS,NHPC,NHPC Limited,EQ
NIACL.NS,NIACL,The New India Assurance Company Limited,EQ
NIBL.NS,NIBL,NRB Industrial Bearings Limited,BE
NIITLTD.NS,NIITLTD,NIIT Limited,EQ
NIITTECH.NS,NIITTECH,NIIT Technologies Limited,EQ
NILAINFRA.NS,NILAINFRA,Nila Infrastructures Limited,EQ
NILASPACES.NS,NILASPACES,Nila Spaces Limited,EQ
NILKAMAL.NS,NILKAMAL,Nilkamal Limited,EQ
NIPPOBATRY.NS,NIPPOBATRY,Indo-National Limited,EQ
NIRAJISPAT.NS,NIRAJISPAT,Niraj Ispat Industries Limited,BE
NITCO.NS,NITCO,Nitco Limited,EQ
NITINFIRE.NS,NITINFIRE,Nitin Fire Protection Industries Limited,BZ
NITINSPIN.NS,NITINSPIN,Nitin Spinners Limited,EQ
NKIND.NS,NKIND,NK Industries Limited,EQ
NLCINDIA.NS,NLCINDIA,NLC India Limited,EQ
NMDC.NS,NMDC,NMDC Limited,EQ
NOCIL.NS,NOCIL,NOCIL Limited,EQ
NOIDATOLL.NS,NOIDATOLL,Noida Toll Bridge Company Limited,EQ
NORBTEAEXP.NS,NORBTEAEXP,Norben Tea & Exports Limited,EQ
NRAIL.NS,NRAIL,N R Agarwal Industries Limited,EQ
NRBBEARING.NS,NRBBEARING,NRB Bearing Limited,EQ
NSIL.NS,NSIL,Nalwa Sons Investments Limited,EQ
NTL.NS,NTL,Neueon Towers Limited,EQ
NTPC.NS,NTPC,NTPC Limited,EQ
NUCLEUS.NS,NUCLEUS,Nucleus Software Exports Limited,EQ
NXTDIGITAL.NS,NXTDIGITAL,NXTDIGITAL LIMITED,EQ
OAL.NS,OAL,Oriental Aromatics Limited,EQ
OBEROIRLTY.NS,OBEROIRLTY,Oberoi Realty Limited,EQ
OCCL.NS,OCCL,Oriental Carbon & Chemicals Limited,EQ
OFSS.NS,OFSS,Oracle Financial Services Software Limited,EQ
OIL.NS,OIL,Oil India Limited,EQ
OILCOUNTUB.NS,OILCOUNTUB,Oil Country Tubular Limited,BE
OISL.NS,OISL,OCL Iron and Steel Limited,BE
OLECTRA.NS,OLECTRA,Olectra Greentech Limited,EQ
OMAXAUTO.NS,OMAXAUTO,Omax Autos Limited,EQ
OMAXE.NS,OMAXE,Omaxe Limited,EQ
OMKARCHEM.NS,OMKARCHEM,Omkar Speciality Chemicals Limited,BE
OMMETALS.NS,OMMETALS,OM Metals Infraprojects Limited,EQ
ONELIFECAP.NS,ONELIFECAP,Onelife Capital Advisors Limited,EQ
ONEPOINT.NS,ONEPOINT,One Point One Solutions Limited,EQ
ONGC.NS,ONGC,Oil & Natural Gas Corporation Limited,EQ
ONMOBILE.NS,ONMOBILE,OnMobile Global Limited,EQ
ONWARDTEC.NS,ONWARDTEC,Onward Technologies Limited,EQ
OPTIEMUS.NS,OPTIEMUS,Optiemus Infracom Limited,BE
OPTOCIRCUI.NS,OPTOCIRCUI,Opto Circuits (India) Limited,BE
ORBTEXP.NS,ORBTEXP,Orbit Exports Limited,EQ
ORICONENT.NS,ORICONENT,Oricon Enterprises Limited,EQ
ORIENTABRA.NS,ORIENTABRA,Orient Abrasives Limited,EQ
ORIENTALTL.NS,ORIENTALTL,Oriental Trimex Limited,EQ
ORIENTBELL.NS,ORIENTBELL,Orient Bell Limited,EQ
ORIENTCEM.NS,ORIENTCEM,Orient Cement Limited,EQ
ORIENTELEC.NS,ORIENTELEC,Orient Electric Limited,EQ
ORIENTHOT.NS,ORIENTHOT,Oriental Hotels Limited,EQ
ORIENTLTD.NS,ORIENTLTD,Orient Press Limited,EQ
ORIENTPPR.NS,ORIENTPPR,Orient Paper & Industries Limited,EQ
ORIENTREF.NS,ORIENTREF,Orient Refractories Limited,EQ
ORISSAMINE.NS,ORISSAMINE,The Orissa Minerals Development Company Limited,EQ
ORTEL.NS,ORTEL,Ortel Communications Limited,BZ
ORTINLABSS.NS,ORTINLABSS,Ortin Laboratories Limited,BE
OSWALAGRO.NS,OSWALAGRO,Oswal Agro Mills Limited,EQ
PAEL.NS,PAEL,PAE Limited,EQ
PAGEIND.NS,PAGEIND,Page Industries Limited,EQ
PAISALO.NS,PAISALO,Paisalo Digital Limited,EQ
PALASHSECU.NS,PALASHSECU,Palash Securities Limited,EQ
PALREDTEC.NS,PALREDTEC,Palred Technologies Limited,EQ
PANACEABIO.NS,PANACEABIO,Panacea Biotec Limited,EQ
PANACHE.NS,PANACHE,Panache Digilife Limited,EQ
PANAMAPET.NS,PANAMAPET,Panama Petrochem Limited,EQ
PAPERPROD.NS,PAPERPROD,Huhtamaki PPL Limited,EQ
PARABDRUGS.NS,PARABDRUGS,Parabolic Drugs Limited,BZ
PARACABLES.NS,PARACABLES,Paramount Communications Limited,EQ
PARAGMILK.NS,PARAGMILK,Parag Milk Foods Limited,EQ
PARSVNATH.NS,PARSVNATH,Parsvnath Developers Limited,BE
PATELENG.NS,PATELENG,Patel Engineering Limited,EQ
PATINTLOG.NS,PATINTLOG,Patel Integrated Logistics Limited,EQ
PATSPINLTD.NS,PATSPINLTD,Patspin India Limited,BE
PCJEWELLER.NS,PCJEWELLER,PC Jeweller Limited,BE
PDMJEPAPER.NS,PDMJEPAPER,Pudumjee Paper Products Limited,EQ
PDSMFL.NS,PDSMFL,PDS Multinational Fashions Limited,EQ
PEARLPOLY.NS,PEARLPOLY,Pearl Polymers Limited,EQ
PEL.NS,PEL,Piramal Enterprises Limited,EQ
PENIND.NS,PENIND,Pennar Industries Limited,EQ
PENINLAND.NS,PENINLAND,Peninsula Land Limited,BE
PERSISTENT.NS,PERSISTENT,Persistent Systems Limited,EQ
PETRONET.NS,PETRONET,Petronet LNG Limited,EQ
PFC.NS,PFC,Power Finance Corporation Limited,EQ
PFIZER.NS,PFIZER,Pfizer Limited,EQ
PFOCUS.NS,PFOCUS,Prime Focus Limited,EQ
PFS.NS,PFS,PTC India Financial Services Limited,EQ
PGEL.NS,PGEL,PG Electroplast Limited,EQ
PGHH.NS,PGHH,Procter & Gamble Hygiene and Health Care Limited,EQ
PGHL.NS,PGHL,Procter & Gamble Health Limited,EQ
PGIL.NS,PGIL,Pearl Global Industries Limited,EQ
PHILIPCARB.NS,PHILIPCARB,Phillips Carbon Black Limited,EQ
PHOENIXLTD.NS,PHOENIXLTD,The Phoenix Mills Limited,EQ
PIDILITIND.NS,PIDILITIND,Pidilite Industries Limited,EQ
PIIND.NS,PIIND,PI Industries Limited,EQ
PILANIINVS.NS,PILANIINVS,Pilani Investment and Industries Corporation Limited,EQ
PILITA.NS,PILITA,PIL ITALICA LIFESTYLE LIMITED,EQ
PIONDIST.NS,PIONDIST,Pioneer Distilleries Limited,BE
PIONEEREMB.NS,PIONEEREMB,Pioneer Embroideries Limited,EQ
PITTIENG.NS,PITTIENG,Pitti Engineering Limited,EQ
PKTEA.NS,PKTEA,The Peria Karamalai Tea & Produce Company Limited,BE
PLASTIBLEN.NS,PLASTIBLEN,Plastiblends India Limited,EQ
PNB.NS,PNB,Punjab National Bank,EQ
PNBGILTS.NS,PNBGILTS,PNB Gilts Limited,EQ
PNBHOUSING.NS,PNBHOUSING,PNB Housing Finance Limited,EQ
PNC.NS,PNC,Pritish Nandy Communications Limited,EQ
PNCINFRA.NS,PNCINFRA,PNC Infratech Limited,EQ
PODDARHOUS.NS,PODDARHOUS,Poddar Housing and Development Limited,EQ
PODDARMENT.NS,PODDARMENT,Poddar Pigments Limited,EQ
POKARNA.NS,POKARNA,Pokarna Limited,BE
POLYCAB.NS,POLYCAB,Polycab India Limited,EQ
POLYMED.NS,POLYMED,Poly Medicure Limited,EQ
POLYPLEX.NS,POLYPLEX,Polyplex Corporation Limited,EQ
PONNIERODE.NS,PONNIERODE,Ponni Sugars (Erode) Limited,EQ
POWERGRID.NS,POWERGRID,Power Grid Corporation of India Limited,EQ
POWERINDIA.NS,POWERINDIA,ABB Power Products and Systems India Limited,EQ
POWERMECH.NS,POWERMECH,Power Mech Projects Limited,EQ
PPAP.NS,PPAP,PPAP Automotive Limited,EQ
PPL.NS,PPL,Prakash Pipes Limited,EQ
PRABHAT.NS,PRABHAT,Prabhat Dairy Limited,EQ
PRADIP.NS,PRADIP,Pradip Overseas Limited,EQ
PRAENG.NS,PRAENG,Prajay Engineers Syndicate Limited,EQ
PRAJIND.NS,PRAJIND,Praj Industries Limited,EQ
PRAKASH.NS,PRAKASH,Prakash Industries Limited,EQ
PRAKASHSTL.NS,PRAKASHSTL,Prakash Steelage Limited,BE
PRAXIS.NS,PRAXIS,Praxis Home Retail Limited,EQ
PRECAM.NS,PRECAM,Precision Camshafts Limited,EQ
PRECOT.NS,PRECOT,Precot Meridian Limited,EQ
PRECWIRE.NS,PRECWIRE,Precision Wires India Limited,EQ
PREMEXPLN.NS,PREMEXPLN,Premier Explosives Limited,BE
PREMIER.NS,PREMIER,Premier Limited,EQ
PREMIERPOL.NS,PREMIERPOL,Premier Polyfilm Limited,EQ
PRESSMN.NS,PRESSMN,Pressman Advertising Limited,EQ
PRESTIGE.NS,PRESTIGE,Prestige Estates Projects Limited,EQ
PRICOLLTD.NS,PRICOLLTD,Pricol Limited,BE
PRIMESECU.NS,PRIMESECU,Prime Securities Limited,EQ
PRINCEPIPE.NS,PRINCEPIPE,Prince Pipes And Fittings Limited,EQ
PROSEED.NS,PROSEED,Proseed India Limited,EQ
PROZONINTU.NS,PROZONINTU,Prozone Intu Properties Limited,BE
PRSMJOHNSN.NS,PRSMJOHNSN,Prism Johnson Limited,EQ
PSB.NS,PSB,Punjab & Sind Bank,EQ
PSL.NS,PSL,PSL Limited,BE
PSPPROJECT.NS,PSPPROJECT,PSP Projects Limited,EQ
PTC.NS,PTC,PTC India Limited,EQ
PTL.NS,PTL,PTL Enterprises Limited,EQ
PUNJABCHEM.NS,PUNJABCHEM,Punjab Chemicals & Crop Protection Limited,EQ
PUNJLLOYD.NS,PUNJLLOYD,Punj Lloyd Limited,BZ
PURVA.NS,PURVA,Puravankara Limited,EQ
PVR.NS,PVR,PVR Limited,EQ
QUESS.NS,QUESS,Quess Corp Limited,EQ
QUICKHEAL.NS,QUICKHEAL,Quick Heal Technologies Limited,EQ
RADAAN.NS,RADAAN,Radaan Mediaworks India Limited,EQ
RADICO.NS,RADICO,Radico Khaitan Limited,EQ
RADIOCITY.NS,RADIOCITY,Music Broadcast Limited,EQ
RAIN.NS,RAIN,Rain Industries Limited,EQ
RAJESHEXPO.NS,RAJESHEXPO,Rajesh Exports Limited,EQ
RAJRATAN.NS,RAJRATAN,Rajratan Global Wire Limited,EQ
RAJRAYON.NS,RAJRAYON,Raj Rayon Industries Limited,BZ
RAJSREESUG.NS,RAJSREESUG,Rajshree Sugars & Chemicals Limited,BE
RAJTV.NS,RAJTV,Raj Television Network Limited,EQ
RALLIS.NS,RALLIS,Rallis India Limited,EQ
RAMANEWS.NS,RAMANEWS,Shree Rama Newsprint Limited,EQ
RAMASTEEL.NS,RAMASTEEL,Rama Steel Tubes Limited,EQ
RAMCOCEM.NS,RAMCOCEM,The Ramco Cements Limited,EQ
RAMCOIND.NS,RAMCOIND,Ramco Industries Limited,EQ
RAMCOSYS.NS,RAMCOSYS,Ramco Systems Limited,EQ
RAMKY.NS,RAMKY,Ramky Infrastructure Limited,EQ
RAMSARUP.NS,RAMSARUP,Ramsarup Industries Limited,BZ
RANASUG.NS,RANASUG,Rana Sugars Limited,BE
RANEENGINE.NS,RANEENGINE,Rane Engine Valve Limited,BE
RANEHOLDIN.NS,RANEHOLDIN,Rane Holdings Limited,EQ
RATNAMANI.NS,RATNAMANI,Ratnamani Metals & Tubes Limited,EQ
RAYMOND.NS,RAYMOND,Raymond Limited,EQ
RBL.NS,RBL,Rane Brake Lining Limited,EQ
RBLBANK.NS,RBLBANK,RBL Bank Limited,EQ
RCF.NS,RCF,Rashtriya Chemicals and Fertilizers Limited,EQ
RCOM.NS,RCOM,Reliance Communications Limited,BE
RECLTD.NS,RECLTD,REC Limited,EQ
REDINGTON.NS,REDINGTON,Redington (India) Limited,EQ
REFEX.NS,REFEX,Refex Industries Limited,EQ
RELAXO.NS,RELAXO,Relaxo Footwears Limited,EQ
RELCAPITAL.NS,RELCAPITAL,Reliance Capital Limited,BE
RELIANCE.NS,RELIANCE,Reliance Industries Limited,EQ
RELIGARE.NS,RELIGARE,Religare Enterprises Limited,EQ
RELINFRA.NS,RELINFRA,Reliance Infrastructure Limited,BE
REMSONSIND.NS,REMSONSIND,Remsons Industries Limited,EQ
RENUKA.NS,RENUKA,Shree Renuka Sugars Limited,EQ
REPCOHOME.NS,REPCOHOME,Repco Home Finance Limited,EQ
REPRO.NS,REPRO,Repro India Limited,EQ
RESPONIND.NS,RESPONIND,Responsive Industries Limited,EQ
REVATHI.NS,REVATHI,Revathi Equipment Limited,EQ
RGL.NS,RGL,Renaissance Global Limited,EQ
RHFL.NS,RHFL,Reliance Home Finance Limited,BE
RICOAUTO.NS,RICOAUTO,Rico Auto Industries Limited,EQ
RIIL.NS,RIIL,Reliance Industrial Infrastructure Limited,EQ
RIL-RE.NS,RIL-RE,Reliance Industries Limited-Rights Entitlement,BE
RITES.NS,RITES,RITES Limited,EQ
RKDL.NS,RKDL,Ravi Kumar Distilleries Limited,EQ
RKFORGE.NS,RKFORGE,Ramkrishna Forgings Limited,EQ
RMCL.NS,RMCL,Radha Madhav Corporation Limited,BE
RML.NS,RML,Rane (Madras) Limited,EQ
RNAVAL.NS,RNAVAL,Reliance Naval and Engineering Limited,BE
ROHITFERRO.NS,ROHITFERRO,Rohit Ferro-Tech Limited,BE
ROHLTD.NS,ROHLTD,Royal Orchid Hotels Limited,EQ
ROLLT.NS,ROLLT,Rollatainers Limited,BE
ROLTA.NS,ROLTA,Rolta India Limited,BE
ROSSELLIND.NS,ROSSELLIND,Rossell India Limited,EQ
RPGLIFE.NS,RPGLIFE,RPG Life Sciences Limited,EQ
RPOWER.NS,RPOWER,Reliance Power Limited,EQ
RPPINFRA.NS,RPPINFRA,R.P.P. Infra Projects Limited,EQ
RSSOFTWARE.NS,RSSOFTWARE,R. S. Software (India) Limited,EQ
RSWM.NS,RSWM,RSWM Limited,EQ
RSYSTEMS.NS,RSYSTEMS,R Systems International Limited,EQ
RTNINFRA.NS,RTNINFRA,RattanIndia Infrastructure Limited,BE
RTNPOWER.NS,RTNPOWER,RattanIndia Power Limited,EQ
RUBYMILLS.NS,RUBYMILLS,The Ruby Mills Limited,EQ
RUCHI.NS,RUCHI,Ruchi Soya Industries Limited,BE
RUCHINFRA.NS,RUCHINFRA,Ruchi Infrastructure Limited,BE
RUCHIRA.NS,RUCHIRA,Ruchira Papers Limited,EQ
RUPA.NS,RUPA,Rupa & Company Limited,EQ
RUSHIL.NS,RUSHIL,Rushil Decor Limited,EQ
RVNL.NS,RVNL,Rail Vikas Nigam Limited,EQ
S&SPOWER.NS,S&SPOWER,S&S Power Switchgears Limited,BE
SABEVENTS.NS,SABEVENTS,Sab Events & Governance Now Media Limited,BE
SABTN.NS,SABTN,Sri Adhikari Brothers Television Network Limited,BE
SADBHAV.NS,SADBHAV,Sadbhav Engineering Limited,EQ
SADBHIN.NS,SADBHIN,Sadbhav Infrastructure Project Limited,EQ
SAFARI.NS,SAFARI,Safari Industries (India) Limited,EQ
SAGARDEEP.NS,SAGARDEEP,Sagardeep Alloys Limited,BE
SAGCEM.NS,SAGCEM,Sagar Cements Limited,EQ
SAIL.NS,SAIL,Steel Authority of India Limited,EQ
SAKAR.NS,SAKAR,Sakar Healthcare Limited,EQ
SAKHTISUG.NS,SAKHTISUG,Sakthi Sugars Limited,BE
SAKSOFT.NS,SAKSOFT,Saksoft Limited,EQ
SAKUMA.NS,SAKUMA,Sakuma Exports Limited,EQ
SALASAR.NS,SALASAR,Salasar Techno Engineering Limited,EQ
SALONA.NS,SALONA,Salona Cotspin Limited,EQ
SALSTEEL.NS,SALSTEEL,S.A.L. Steel Limited,BE
SALZERELEC.NS,SALZERELEC,Salzer Electronics Limited,EQ
SAMBHAAV.NS,SAMBHAAV,Sambhaav Media Limited,EQ
SANCO.NS,SANCO,Sanco Industries Limited,EQ
SANDESH.NS,SANDESH,The Sandesh Limited,EQ
SANDHAR.NS,SANDHAR,Sandhar Technologies Limited,EQ
SANGAMIND.NS,SANGAMIND,Sangam (India) Limited,EQ
SANGHIIND.NS,SANGHIIND,Sanghi Industries Limited,EQ
SANGHVIFOR.NS,SANGHVIFOR,Sanghvi Forging and Engineering Limited,BE
SANGHVIMOV.NS,SANGHVIMOV,Sanghvi Movers Limited,EQ
SANGINITA.NS,SANGINITA,Sanginita Chemicals Limited,EQ
SANOFI.NS,SANOFI,Sanofi India Limited,EQ
SANWARIA.NS,SANWARIA,Sanwaria Consumer Limited,BE
SARDAEN.NS,SARDAEN,Sarda Energy & Minerals Limited,EQ
SAREGAMA.NS,SAREGAMA,Saregama India Limited,EQ
SARLAPOLY.NS,SARLAPOLY,Sarla Performance Fibers Limited,EQ
SASKEN.NS,SASKEN,Sasken Technologies Limited,EQ
SASTASUNDR.NS,SASTASUNDR,Sastasundar Ventures Limited,BE
SATHAISPAT.NS,SATHAISPAT,Sathavahana Ispat Limited,BE
SATIA.NS,SATIA,Satia Industries Limited,EQ
SATIN.NS,SATIN,Satin Creditcare Network Limited,EQ
SBICARD.NS,SBICARD,SBI Cards and Payment Services Limited,EQ
SBILIFE.NS,SBILIFE,SBI Life Insurance Company Limited,EQ
SBIN.NS,SBIN,State Bank of India,EQ
SCAPDVR.NS,SCAPDVR,Stampede Capital Limited,BE
SCHAEFFLER.NS,SCHAEFFLER,Schaeffler India Limited,EQ
SCHAND.NS,SCHAND,S Chand And Company Limited,BE
SCHNEIDER.NS,SCHNEIDER,Schneider Electric Infrastructure Limited,EQ
SCI.NS,SCI,Shipping Corporation Of India Limited,EQ
SDBL.NS,SDBL,Som Distilleries & Breweries Limited,BE
SEAMECLTD.NS,SEAMECLTD,Seamec Limited,EQ
SELAN.NS,SELAN,Selan Exploration Technology Limited,EQ
SELMCL.NS,SELMCL,SEL Manufacturing Company Limited,BZ
SEPOWER.NS,SEPOWER,S.E. Power Limited,BE
SEQUENT.NS,SEQUENT,Sequent Scientific Limited,EQ
SESHAPAPER.NS,SESHAPAPER,Seshasayee Paper and Boards Limited,EQ
SETCO.NS,SETCO,Setco Automotive Limited,EQ
SETUINFRA.NS,SETUINFRA,Setubandhan Infrastructure Limited,BE
SEYAIND.NS,SEYAIND,Seya Industries Limited,EQ
SEZAL.NS,SEZAL,Sezal Glass Limited,BZ
SFL.NS,SFL,Sheela Foam Limited,EQ
SGL.NS,SGL,STL Global Limited,EQ
SHAHALLOYS.NS,SHAHALLOYS,Shah Alloys Limited,EQ
SHAKTIPUMP.NS,SHAKTIPUMP,Shakti Pumps (India) Limited,BE
SHALBY.NS,SHALBY,Shalby Limited,EQ
SHALPAINTS.NS,SHALPAINTS,Shalimar Paints Limited,EQ
SHANKARA.NS,SHANKARA,Shankara Building Products Limited,EQ
SHANTIGEAR.NS,SHANTIGEAR,Shanthi Gears Limited,EQ
SHARDACROP.NS,SHARDACROP,Sharda Cropchem Limited,EQ
SHARDAMOTR.NS,SHARDAMOTR,Sharda Motor Industries Limited,EQ
SHEMAROO.NS,SHEMAROO,Shemaroo Entertainment Limited,EQ
SHIL.NS,SHIL,Somany Home Innovation Limited,EQ
SHILPAMED.NS,SHILPAMED,Shilpa Medicare Limited,EQ
SHIRPUR-G.NS,SHIRPUR-G,Shirpur Gold Refinery Limited,EQ
SHIVAMAUTO.NS,SHIVAMAUTO,Shivam Autotech Limited,EQ
SHIVAMILLS.NS,SHIVAMILLS,Shiva Mills Limited,EQ
SHIVATEX.NS,SHIVATEX,Shiva Texyarn Limited,BE
SHK.NS,SHK,S H Kelkar and Company Limited,EQ
SHOPERSTOP.NS,SHOPERSTOP,Shoppers Stop Limited,EQ
SHREDIGCEM.NS,SHREDIGCEM,Shree Digvijay Cement Co.Ltd,EQ
SHREECEM.NS,SHREECEM,SHREE CEMENT LIMITED,EQ
SHREEPUSHK.NS,SHREEPUSHK,Shree Pushkar Chemicals & Fertilisers Limited,EQ
SHREERAMA.NS,SHREERAMA,Shree Rama Multi-Tech Limited,EQ
SHRENIK.NS,SHRENIK,Shrenik Limited,EQ
SHREYANIND.NS,SHREYANIND,Shreyans Industries Limited,EQ
SHREYAS.NS,SHREYAS,Shreyas Shipping & Logistics Limited,EQ
SHRIPISTON.NS,SHRIPISTON,Shriram Pistons & Rings Limited,BE
SHRIRAMCIT.NS,SHRIRAMCIT,Shriram City Union Finance Limited,EQ
SHRIRAMEPC.NS,SHRIRAMEPC,Shriram EPC Limited,EQ
SHYAMCENT.NS,SHYAMCENT,Shyam Century Ferrous Limited,EQ
SHYAMTEL.NS,SHYAMTEL,Shyam Telecom Limited,EQ
SICAGEN.NS,SICAGEN,Sicagen India Limited,EQ
SICAL.NS,SICAL,Sical Logistics Limited,BE
SIEMENS.NS,SIEMENS,Siemens Limited,EQ
SIGIND.NS,SIGIND,Signet Industries Limited,EQ
SIL.NS,SIL,Standard Industries Limited,BE
SILINV.NS,SILINV,SIL Investments Limited,EQ
SIMBHALS.NS,SIMBHALS,Simbhaoli Sugars Limited,EQ
SIMPLEXINF.NS,SIMPLEXINF,Simplex Infrastructures Limited,EQ
SINTEX.NS,SINTEX,Sintex Industries Limited,EQ
SIRCA.NS,SIRCA,Sirca Paints India Limited,EQ
SIS.NS,SIS,Security and Intelligence Services (India) Limited,EQ
SITINET.NS,SITINET,Siti Networks Limited,BE
SIYSIL.NS,SIYSIL,Siyaram Silk Mills Limited,EQ
SJVN.NS,SJVN,SJVN Limited,EQ
SKFINDIA.NS,SKFINDIA,SKF India Limited,EQ
SKIL.NS,SKIL,SKIL Infrastructure Limited,BE
SKIPPER.NS,SKIPPER,Skipper Limited,EQ
SKMEGGPROD.NS,SKMEGGPROD,SKM Egg Products Export (India) Limited,EQ
SMARTLINK.NS,SMARTLINK,Smartlink Holdings Limited,EQ
SMLISUZU.NS,SMLISUZU,SML Isuzu Limited,EQ
SMPL.NS,SMPL,Splendid Metal Products Limited,BZ
SMSLIFE.NS,SMSLIFE,SMS Lifesciences India Limited,EQ
SMSPHARMA.NS,SMSPHARMA,SMS Pharmaceuticals Limited,EQ
SNOWMAN.NS,SNOWMAN,Snowman Logistics Limited,EQ
SOBHA.NS,SOBHA,Sobha Limited,EQ
SOLARA.NS,SOLARA,Solara Active Pharma Sciences Limited,EQ
SOLARINDS.NS,SOLARINDS,Solar Industries India Limited,EQ
SOMANYCERA.NS,SOMANYCERA,Somany Ceramics Limited,EQ
SOMATEX.NS,SOMATEX,Soma Textiles & Industries Limited,EQ
SOMICONVEY.NS,SOMICONVEY,Somi Conveyor Beltings Limited,EQ
SONATSOFTW.NS,SONATSOFTW,Sonata Software Limited,EQ
SORILINFRA.NS,SORILINFRA,SORIL Infra Resources Limited,EQ
SOTL.NS,SOTL,Savita Oil Technologies Limited,EQ
SOUTHBANK.NS,SOUTHBANK,The South Indian Bank Limited,EQ
SOUTHWEST.NS,SOUTHWEST,South West Pinnacle Exploration Limited,EQ
SPAL.NS,SPAL,S. P. Apparels Limited,EQ
SPANDANA.NS,SPANDANA,Spandana Sphoorty Financial Limited,EQ
SPARC.NS,SPARC,Sun Pharma Advanced Research Company Limited,EQ
SPCENET.NS,SPCENET,Spacenet Enterprises India Limited,BE
SPECIALITY.NS,SPECIALITY,Speciality Restaurants Limited,EQ
SPENCERS.NS,SPENCERS,Spencer's Retail Limited,EQ
SPENTEX.NS,SPENTEX,Spentex Industries Limited,BE
SPIC.NS,SPIC,Southern Petrochemicals Industries Corporation  Limited,EQ
SPICEJET.NS,SPICEJET,SPICEJET LTD,EQ
SPLIL.NS,SPLIL,SPL Industries Limited,EQ
SPMLINFRA.NS,SPMLINFRA,SPML Infra Limited,EQ
SPTL.NS,SPTL,Sintex Plastics Technology Limited,BE
SPYL.NS,SPYL,Shekhawati Poly-Yarn Limited,EQ
SREEL.NS,SREEL,Sreeleathers Limited,EQ
SREINFRA.NS,SREINFRA,SREI Infrastructure Finance Limited,EQ
SRF.NS,SRF,SRF Limited,EQ
SRHHYPOLTD.NS,SRHHYPOLTD,Sree Rayalaseema Hi-Strength Hypo Limited,EQ
SRIPIPES.NS,SRIPIPES,Srikalahasthi Pipes Limited,EQ
SRTRANSFIN.NS,SRTRANSFIN,Shriram Transport Finance Company Limited,EQ
SSWL.NS,SSWL,Steel Strips Wheels Limited,EQ
STAMPEDE.NS,STAMPEDE,Stampede Capital Limited,EQ
STAR.NS,STAR,Strides Pharma Science Limited,EQ
STARCEMENT.NS,STARCEMENT,Star Cement Limited,EQ
STARPAPER.NS,STARPAPER,Star Paper Mills Limited,EQ
STCINDIA.NS,STCINDIA,The State Trading Corporation of India Limited,BE
STEELCITY.NS,STEELCITY,Steel City Securities Limited,EQ
STEELXIND.NS,STEELXIND,STEEL EXCHANGE INDIA LIMITED,EQ
STEL.NS,STEL,Stel Holdings Limited,EQ
STERTOOLS.NS,STERTOOLS,Sterling Tools Limited,EQ
STINDIA.NS,STINDIA,STI India Limited,EQ
STRTECH.NS,STRTECH,Sterlite Technologies Limited,EQ
SUBCAPCITY.NS,SUBCAPCITY,International Constructions Limited,BE
SUBEX.NS,SUBEX,Subex Limited,EQ
SUBROS.NS,SUBROS,Subros Limited,EQ
SUDARSCHEM.NS,SUDARSCHEM,Sudarshan Chemical Industries Limited,EQ
SUJANAUNI.NS,SUJANAUNI,Sujana Universal Industries Limited,BE
SUMEETINDS.NS,SUMEETINDS,Sumeet Industries Limited,EQ
SUMICHEM.NS,SUMICHEM,Sumitomo Chemical India Limited,EQ
SUMIT.NS,SUMIT,Sumit Woods Limited,BE
SUMMITSEC.NS,SUMMITSEC,Summit Securities Limited,EQ
SUNCLAYLTD.NS,SUNCLAYLTD,Sundaram Clayton Limited,EQ
SUNDARAM.NS,SUNDARAM,Sundaram Multi Pap Limited,EQ
SUNDARMFIN.NS,SUNDARMFIN,Sundaram Finance Limited,EQ
SUNDARMHLD.NS,SUNDARMHLD,Sundaram Finance Holdings Limited,EQ
SUNDRMBRAK.NS,SUNDRMBRAK,Sundaram Brake Linings Limited,EQ
SUNDRMFAST.NS,SUNDRMFAST,Sundram Fasteners Limited,EQ
SUNFLAG.NS,SUNFLAG,Sunflag Iron And Steel Company Limited,EQ
SUNPHARMA.NS,SUNPHARMA,Sun Pharmaceutical Industries Limited,EQ
SUNTECK.NS,SUNTECK,Sunteck Realty Limited,EQ
SUNTV.NS,SUNTV,Sun TV Network Limited,EQ
SUPERHOUSE.NS,SUPERHOUSE,Superhouse Limited,EQ
SUPERSPIN.NS,SUPERSPIN,Super Spinning Mills Limited,BE
SUPPETRO.NS,SUPPETRO,Supreme Petrochem Limited,EQ
SUPRAJIT.NS,SUPRAJIT,Suprajit Engineering Limited,EQ
SUPREMEIND.NS,SUPREMEIND,Supreme Industries Limited,EQ
SUPREMEINF.NS,SUPREMEINF,Supreme Infrastructure India Limited,BZ
SURANASOL.NS,SURANASOL,Surana Solar Limited,EQ
SURANAT&P.NS,SURANAT&P,Surana Telecom and Power Limited,EQ
SURYALAXMI.NS,SURYALAXMI,Suryalakshmi Cotton Mills Limited,BE
SURYAROSNI.NS,SURYAROSNI,Surya Roshni Limited,EQ
SUTLEJTEX.NS,SUTLEJTEX,Sutlej Textiles and Industries Limited,EQ
SUVEN.NS,SUVEN,Suven Life Sciences Limited,EQ
SUVENPHAR.NS,SUVENPHAR,Suven Pharmaceuticals Limited,EQ
SUZLON.NS,SUZLON,Suzlon Energy Limited,EQ
SWANENERGY.NS,SWANENERGY,Swan Energy Limited,EQ
SWARAJENG.NS,SWARAJENG,Swaraj Engines Limited,EQ
SWELECTES.NS,SWELECTES,Swelect Energy Systems Limited,EQ
SWSOLAR.NS,SWSOLAR,Sterling And Wilson Solar Limited,EQ
SYMPHONY.NS,SYMPHONY,Symphony Limited,EQ
SYNCOM.NS,SYNCOM,Syncom Healthcare Limited,BE
SYNGENE.NS,SYNGENE,Syngene International Limited,EQ
TAINWALCHM.NS,TAINWALCHM,Tainwala Chemical and Plastic (I) Limited,EQ
TAJGVK.NS,TAJGVK,Taj GVK Hotels & Resorts Limited,EQ
TAKE.NS,TAKE,Take Solutions Limited,EQ
TALBROAUTO.NS,TALBROAUTO,Talbros Automotive Components Limited,EQ
TALWALKARS.NS,TALWALKARS,Talwalkars Better Value Fitness Limited,BZ
TALWGYM.NS,TALWGYM,Talwalkars Healthclubs Limited,BZ
TANLA.NS,TANLA,Tanla Solutions Limited,EQ
TANTIACONS.NS,TANTIACONS,Tantia Constructions Limited,BE
TARMAT.NS,TARMAT,Tarmat Limited,EQ
TASTYBITE.NS,TASTYBITE,Tasty Bite Eatables Limited,EQ
TATACHEM.NS,TATACHEM,Tata Chemicals Limited,EQ
TATACOFFEE.NS,TATACOFFEE,Tata Coffee Limited,EQ
TATACOMM.NS,TATACOMM,Tata Communications Limited,EQ
TATACONSUM.NS,TATACONSUM,TATA CONSUMER PRODUCTS LIMITED,EQ
TATAELXSI.NS,TATAELXSI,Tata Elxsi Limited,EQ
TATAINVEST.NS,TATAINVEST,Tata Investment Corporation Limited,EQ
TATAMETALI.NS,TATAMETALI,Tata Metaliks Limited,EQ
TATAMOTORS.NS,TATAMOTORS,Tata Motors Limited,EQ
TATAMTRDVR.NS,TATAMTRDVR,Tata Motors Limited,EQ
TATAPOWER.NS,TATAPOWER,Tata Power Company Limited,EQ
TATASTEEL.NS,TATASTEEL,Tata Steel Limited,EQ
TATASTLBSL.NS,TATASTLBSL,Tata Steel Bsl Limited,EQ
TATASTLLP.NS,TATASTLLP,Tata Steel Long Products Limited,EQ
TBZ.NS,TBZ,Tribhovandas Bhimji Zaveri Limited,EQ
TCI.NS,TCI,Transport Corporation of India Limited,EQ
TCIDEVELOP.NS,TCIDEVELOP,TCI Developers Limited,EQ
TCIEXP.NS,TCIEXP,TCI Express Limited,EQ
TCIFINANCE.NS,TCIFINANCE,TCI Finance Limited,EQ
TCNSBRANDS.NS,TCNSBRANDS,TCNS Clothing Co. Limited,EQ
TCPLPACK.NS,TCPLPACK,TCPL Packaging Limited,EQ
TCS.NS,TCS,Tata Consultancy Services Limited,EQ
TDPOWERSYS.NS,TDPOWERSYS,TD Power Systems Limited,EQ
TEAMLEASE.NS,TEAMLEASE,Teamlease Services Limited,EQ
TECHIN.NS,TECHIN,Techindia Nirman Limited,EQ
TECHM.NS,TECHM,Tech Mahindra Limited,EQ
TECHNOE.NS,TECHNOE,Techno Electric & Engineering Company Limited,EQ
TECHNOFAB.NS,TECHNOFAB,Technofab Engineering Limited,EQ
TEJASNET.NS,TEJASNET,Tejas Networks Limited,BE
TERASOFT.NS,TERASOFT,Tera Software Limited,EQ
TEXINFRA.NS,TEXINFRA,Texmaco Infrastructure & Holdings Limited,EQ
TEXMOPIPES.NS,TEXMOPIPES,Texmo Pipes and Products Limited,EQ
TEXRAIL.NS,TEXRAIL,Texmaco Rail & Engineering Limited,EQ
TFCILTD.NS,TFCILTD,Tourism Finance Corporation of India Limited,EQ
TFL.NS,TFL,Transwarranty Finance Limited,EQ
TGBHOTELS.NS,TGBHOTELS,TGB Banquets And Hotels Limited,EQ
THANGAMAYL.NS,THANGAMAYL,Thangamayil Jewellery Limited,EQ
THEINVEST.NS,THEINVEST,The Investment Trust Of India Limited,EQ
THEMISMED.NS,THEMISMED,Themis Medicare Limited,BE
THERMAX.NS,THERMAX,Thermax Limited,EQ
THIRUSUGAR.NS,THIRUSUGAR,Thiru Arooran Sugars Limited,BZ
THOMASCOOK.NS,THOMASCOOK,Thomas Cook  (India)  Limited,EQ
THOMASCOTT.NS,THOMASCOTT,Thomas Scott (India) Limited,BE
THYROCARE.NS,THYROCARE,Thyrocare Technologies Limited,EQ
TI.NS,TI,Tilaknagar Industries Limited,EQ
TIDEWATER.NS,TIDEWATER,Tide Water Oil Company (India) Limited,EQ
TIIL.NS,TIIL,Technocraft Industries (India) Limited,EQ
TIINDIA.NS,TIINDIA,Tube Investments of India Limited,EQ
TIJARIA.NS,TIJARIA,Tijaria Polypipes Limited,EQ
TIL.NS,TIL,TIL Limited,EQ
TIMESGTY.NS,TIMESGTY,Times Guaranty Limited,EQ
TIMETECHNO.NS,TIMETECHNO,Time Technoplast Limited,EQ
TIMKEN.NS,TIMKEN,Timken India Limited,EQ
TINPLATE.NS,TINPLATE,The Tinplate Company of India Limited,EQ
TIPSINDLTD.NS,TIPSINDLTD,TIPS Industries Limited,EQ
TIRUMALCHM.NS,TIRUMALCHM,Thirumalai Chemicals Limited,EQ
TITAN.NS,TITAN,Titan Company Limited,EQ
TMRVL.NS,TMRVL,The Mandhana Retail Ventures Limited,BE
TNPETRO.NS,TNPETRO,Tamilnadu PetroProducts Limited,EQ
TNPL.NS,TNPL,Tamil Nadu Newsprint & Papers Limited,EQ
TNTELE.NS,TNTELE,Tamilnadu Telecommunication Limited,BE
TOKYOPLAST.NS,TOKYOPLAST,Tokyo Plast International Limited,EQ
TORNTPHARM.NS,TORNTPHARM,Torrent Pharmaceuticals Limited,EQ
TORNTPOWER.NS,TORNTPOWER,Torrent Power Limited,EQ
TOUCHWOOD.NS,TOUCHWOOD,Touchwood Entertainment Limited,EQ
TPLPLASTEH.NS,TPLPLASTEH,TPL Plastech Limited,EQ
TREEHOUSE.NS,TREEHOUSE,Tree House Education & Accessories Limited,EQ
TREJHARA.NS,TREJHARA,TREJHARA SOLUTIONS LIMITED,BE
TRENT.NS,TRENT,Trent Limited,EQ
TRF.NS,TRF,TRF Limited,BE
TRIDENT.NS,TRIDENT,Trident Limited,EQ
TRIGYN.NS,TRIGYN,Trigyn Technologies Limited,EQ
TRIL.NS,TRIL,Transformers And Rectifiers (India) Limited,EQ
TRITURBINE.NS,TRITURBINE,Triveni Turbine Limited,EQ
TRIVENI.NS,TRIVENI,Triveni Engineering & Industries Limited,EQ
TTKHLTCARE.NS,TTKHLTCARE,TTK Healthcare Limited,EQ
TTKPRESTIG.NS,TTKPRESTIG,TTK Prestige Limited,EQ
TTL.NS,TTL,T T Limited,EQ
TTML.NS,TTML,Tata Teleservices (Maharashtra) Limited,BE
TV18BRDCST.NS,TV18BRDCST,TV18 Broadcast Limited,EQ
TVSELECT.NS,TVSELECT,TVS Electronics Limited,EQ
TVSMOTOR.NS,TVSMOTOR,TVS Motor Company Limited,EQ
TVSSRICHAK.NS,TVSSRICHAK,TVS Srichakra Limited,EQ
TVTODAY.NS,TVTODAY,TV Today Network Limited,EQ
TVVISION.NS,TVVISION,TV Vision Limited,BE
TWL.NS,TWL,Titagarh Wagons Limited,EQ
UBL.NS,UBL,United Breweries Limited,EQ
UCALFUEL.NS,UCALFUEL,Ucal Fuel Systems Limited,EQ
UCOBANK.NS,UCOBANK,UCO Bank,EQ
UFLEX.NS,UFLEX,UFLEX Limited,EQ
UFO.NS,UFO,UFO Moviez India Limited,EQ
UGARSUGAR.NS,UGARSUGAR,The Ugar Sugar Works Limited,EQ
UJAAS.NS,UJAAS,Ujaas Energy Limited,EQ
UJJIVAN.NS,UJJIVAN,Ujjivan Financial Services Limited,EQ
UJJIVANSFB.NS,UJJIVANSFB,Ujjivan Small Finance Bank Limited,EQ
ULTRACEMCO.NS,ULTRACEMCO,UltraTech Cement Limited,EQ
UMANGDAIRY.NS,UMANGDAIRY,Umang Dairies Limited,EQ
UMESLTD.NS,UMESLTD,Usha Martin Education & Solutions Limited,BE
UNICHEMLAB.NS,UNICHEMLAB,Unichem Laboratories Limited,EQ
UNIENTER.NS,UNIENTER,Uniphos Enterprises Limited,EQ
UNIONBANK.NS,UNIONBANK,Union Bank of India,EQ
UNIPLY.NS,UNIPLY,Uniply Industries Limited,EQ
UNITECH.NS,UNITECH,Unitech Limited,BZ
UNITEDTEA.NS,UNITEDTEA,The United Nilgiri Tea Estates Company Limited,EQ
UNITY.NS,UNITY,Unity Infraprojects Limited,BZ
UNIVCABLES.NS,UNIVCABLES,Universal Cables Limited,EQ
UNIVPHOTO.NS,UNIVPHOTO,Universus Photo Imagings Limited,EQ
UPL.NS,UPL,UPL Limited,EQ
URJA.NS,URJA,Urja Global Limited,BE
USHAMART.NS,USHAMART,Usha Martin Limited,EQ
UTTAMSTL.NS,UTTAMSTL,Uttam Galva Steels Limited,BE
UTTAMSUGAR.NS,UTTAMSUGAR,Uttam Sugar Mills Limited,EQ
UVSL.NS,UVSL,Uttam Value Steels Limited,BE
V2RETAIL.NS,V2RETAIL,V2 Retail Limited,EQ
VADILALIND.NS,VADILALIND,Vadilal Industries Limited,EQ
VAIBHAVGBL.NS,VAIBHAVGBL,Vaibhav Global Limited,EQ
VAISHALI.NS,VAISHALI,Vaishali Pharma Limited,EQ
VAKRANGEE.NS,VAKRANGEE,Vakrangee Limited,EQ
VARDHACRLC.NS,VARDHACRLC,Vardhman Acrylics Limited,EQ
VARDMNPOLY.NS,VARDMNPOLY,Vardhman Polytex Limited,BE
VARROC.NS,VARROC,Varroc Engineering Limited,EQ
VASCONEQ.NS,VASCONEQ,Vascon Engineers Limited,EQ
VASWANI.NS,VASWANI,Vaswani Industries Limited,EQ
VBL.NS,VBL,Varun Beverages Limited,EQ
VEDL.NS,VEDL,Vedanta Limited,EQ
VENKEYS.NS,VENKEYS,Venky's (India) Limited,EQ
VENUSREM.NS,VENUSREM,Venus Remedies Limited,BE
VERTOZ.NS,VERTOZ,Vertoz Advertising Limited,EQ
VESUVIUS.NS,VESUVIUS,Vesuvius India Limited,EQ
VETO.NS,VETO,Veto Switchgears And Cables Limited,EQ
VGUARD.NS,VGUARD,V-Guard Industries Limited,EQ
VHL.NS,VHL,Vardhman Holdings Limited,EQ
VICEROY.NS,VICEROY,Viceroy Hotels Limited,BE
VIDEOIND.NS,VIDEOIND,Videocon Industries Limited,BZ
VIDHIING.NS,VIDHIING,Vidhi Specialty Food Ingredients Limited,EQ
VIJIFIN.NS,VIJIFIN,Viji Finance Limited,EQ
VIKASECO.NS,VIKASECO,Vikas EcoTech Limited,EQ
VIKASMCORP.NS,VIKASMCORP,Vikas Multicorp Limited,BE
VIKASPROP.NS,VIKASPROP,Vikas Proppant & Granite Limited,EQ
VIKASWSP.NS,VIKASWSP,Vikas WSP Limited,EQ
VIMTALABS.NS,VIMTALABS,Vimta Labs Limited,EQ
VINATIORGA.NS,VINATIORGA,Vinati Organics Limited,EQ
VINDHYATEL.NS,VINDHYATEL,Vindhya Telelinks Limited,EQ
VINYLINDIA.NS,VINYLINDIA,Vinyl Chemicals (India) Limited,EQ
VIPCLOTHNG.NS,VIPCLOTHNG,VIP Clothing Limited,EQ
VIPIND.NS,VIPIND,VIP Industries Limited,EQ
VIPULLTD.NS,VIPULLTD,Vipul Limited,EQ
VISAKAIND.NS,VISAKAIND,Visaka Industries Limited,EQ
VISASTEEL.NS,VISASTEEL,Visa Steel Limited,BE
VISHAL.NS,VISHAL,Vishal Fabrics Limited,BE
VISHNU.NS,VISHNU,Vishnu Chemicals Limited,EQ
VISHWARAJ.NS,VISHWARAJ,Vishwaraj Sugar Industries Limited,EQ
VIVIDHA.NS,VIVIDHA,Visagar Polytex Limited,EQ
VIVIMEDLAB.NS,VIVIMEDLAB,Vivimed Labs Limited,BE
VLSFINANCE.NS,VLSFINANCE,VLS Finance Limited,EQ
VMART.NS,VMART,V-Mart Retail Limited,EQ
VOLTAMP.NS,VOLTAMP,Voltamp Transformers Limited,EQ
VOLTAS.NS,VOLTAS,Voltas Limited,EQ
VRLLOG.NS,VRLLOG,VRL Logistics Limited,EQ
VSSL.NS,VSSL,Vardhman Special Steels Limited,EQ
VSTIND.NS,VSTIND,VST Industries Limited,EQ
VSTTILLERS.NS,VSTTILLERS,V.S.T Tillers Tractors Limited,EQ
VTL.NS,VTL,Vardhman Textiles Limited,EQ
WABAG.NS,WABAG,VA Tech Wabag Limited,EQ
WABCOINDIA.NS,WABCOINDIA,WABCO India Limited,EQ
WALCHANNAG.NS,WALCHANNAG,Walchandnagar Industries Limited,BE
WANBURY.NS,WANBURY,Wanbury Limited,BE
WATERBASE.NS,WATERBASE,Waterbase Limited,EQ
WEBELSOLAR.NS,WEBELSOLAR,Websol Energy System Limited,BE
WEIZMANIND.NS,WEIZMANIND,Weizmann Limited,EQ
WELCORP.NS,WELCORP,Welspun Corp Limited,EQ
WELENT.NS,WELENT,Welspun Enterprises Limited,EQ
WELINV.NS,WELINV,Welspun Investments and Commercials Limited,EQ
WELSPUNIND.NS,WELSPUNIND,Welspun India Limited,EQ
WENDT.NS,WENDT,Wendt (India) Limited,EQ
WESTLIFE.NS,WESTLIFE,Westlife Development Ltd,EQ
WHEELS.NS,WHEELS,Wheels India Limited,EQ
WHIRLPOOL.NS,WHIRLPOOL,Whirlpool of India Limited,EQ
WILLAMAGOR.NS,WILLAMAGOR,Williamson Magor & Company Limited,EQ
WINDMACHIN.NS,WINDMACHIN,Windsor Machines Limited,BE
WINSOME.NS,WINSOME,Winsome Yarns Limited,BZ
WIPL.NS,WIPL,The Western India Plywoods Limited,BE
WIPRO.NS,WIPRO,Wipro Limited,EQ
WOCKPHARMA.NS,WOCKPHARMA,Wockhardt Limited,EQ
WONDERLA.NS,WONDERLA,Wonderla Holidays Limited,EQ
WSI.NS,WSI,W S Industries (I) Limited,BE
WSTCSTPAPR.NS,WSTCSTPAPR,West Coast Paper Mills Limited,EQ
XCHANGING.NS,XCHANGING,Xchanging Solutions Limited,EQ
XELPMOC.NS,XELPMOC,Xelpmoc Design And Tech Limited,EQ
XPROINDIA.NS,XPROINDIA,Xpro India Limited,EQ
YESBANK.NS,YESBANK,Yes Bank Limited,EQ
ZEEL.NS,ZEEL,Zee Entertainment Enterprises Limited,EQ
ZEELEARN.NS,ZEELEARN,Zee Learn Limited,EQ
ZEEMEDIA.NS,ZEEMEDIA,Zee Media Corporation Limited,BE
ZENITHBIR.NS,ZENITHBIR,Zenith Birla (India) Limited,BE
ZENITHEXPO.NS,ZENITHEXPO,Zenith Exports Limited,EQ
ZENSARTECH.NS,ZENSARTECH,Zensar Technologies Limited,EQ
ZENTEC.NS,ZENTEC,Zen Technologies Limited,EQ
ZICOM.NS,ZICOM,Zicom Electronic Security Systems Limited,EQ
ZODIACLOTH.NS,ZODIACLOTH,Zodiac Clothing Company Limited,EQ
ZODJRDMKJ.NS,ZODJRDMKJ,Zodiac JRD- MKJ Limited,EQ
ZOTA.NS,ZOTA,Zota Health Care LImited,EQ
ZUARI.NS,ZUARI,Zuari Agro Chemicals Limited,BE
ZUARIGLOB.NS,ZUARIGLOB,Zuari Global Limited,EQ
ZYDUSWELL.NS,ZYDUSWELL,Zydus Wellness Limited,EQ
